insert into Users (UserID, Username, FirstName, LastName, DateOfBirth, Password, DateAdded) values (1, 'relderkin0', 'Friedrich', 'Renault', '10/27/2000', '$2a$04$ruxne2QMRHs5LKiL8v6WYuwk8HW2ZERcEctORPIYAv5/l7KWxHZh2', '23:30:23');
insert into Users (UserID, Username, FirstName, LastName, DateOfBirth, Password, DateAdded) values (2, 'hadamek1', 'Giffy', 'Hertha', '2/28/2004', '$2a$04$qRs8UxeIy58K8BJJQ3614uVvJ7xMEnWZrreXLIrDuwXWbFoi1zNY2', '16:39:51');
insert into Users (UserID, Username, FirstName, LastName, DateOfBirth, Password, DateAdded) values (3, 'adiviny2', 'Emlyn', 'Ambrose', '12/29/2003', '$2a$04$dQ7.8A9gljdDD26wvhrUnuq9UFft9esoQzX7gLcXbwLTqx/rxhAEm', '11:18:59');
insert into Users (UserID, Username, FirstName, LastName, DateOfBirth, Password, DateAdded) values (4, 'pciottoi3', 'Dinnie', 'Phillipe', '4/29/2002', '$2a$04$RnjsSjEO9i935QSdUubI1.hKBe/PO080JbPj.9oKAkbcCtWJP9jpi', '19:25:26');
insert into Users (UserID, Username, FirstName, LastName, DateOfBirth, Password, DateAdded) values (5, 'rkeeton4', 'Dew', 'Reinaldos', '2/8/2003', '$2a$04$5XyBsbdOnEOe1Yvkm67w5eRixOeUeAhVN6P.wCa5GAGm/NWTWXW1e', '3:48:10');
insert into Users (UserID, Username, FirstName, LastName, DateOfBirth, Password, DateAdded) values (6, 'dflemmich5', 'Bradan', 'Dorothea', '9/21/2004', '$2a$04$lqkGsRI.ldv5NfcxFax1/u4L9QnfonNmV.bqtD0OGGZyjcyO6miS2', '1:24:10');
insert into Users (UserID, Username, FirstName, LastName, DateOfBirth, Password, DateAdded) values (7, 'mginni6', 'Darb', 'Miran', '11/13/2001', '$2a$04$eYpXjXj69ejbshQRUlAL8eZP/C9KP.f2JULxZ.rIuNJZRQslSdeU.', '13:03:36');
insert into Users (UserID, Username, FirstName, LastName, DateOfBirth, Password, DateAdded) values (8, 'zjosephoff7', 'Ellerey', 'Zane', '5/25/2000', '$2a$04$OUM2L/idNt/.ZwPXerLG6.1FR/j7LyOZVbKw2AiYnB5R/.cfBRTga', '1:35:44');
insert into Users (UserID, Username, FirstName, LastName, DateOfBirth, Password, DateAdded) values (9, 'ksolland8', 'Harlene', 'Kermie', '1/3/2002', '$2a$04$0oDm5SPAxGZDJs9RFLdy3educ/PU5zZz6KcR.OPARCgn8LZfFZC1i', '4:33:54');
insert into Users (UserID, Username, FirstName, LastName, DateOfBirth, Password, DateAdded) values (10, 'dsamples9', 'Mildrid', 'Derron', '12/15/2000', '$2a$04$QkuaMVgKn2xjJVa7O8gjS.vrdyn1c.telM6H0qbLng2P7I3IguP26', '10:17:57');
insert into Users (UserID, Username, FirstName, LastName, DateOfBirth, Password, DateAdded) values (11, 'bmauntona', 'Elmore', 'Broddie', '9/10/2000', '$2a$04$J8Ig1lJjdWjVAIUEX7RRWeIK3ijEGgrjMuOnB4iBiGTPv9Ws54/7.', '19:37:51');
insert into Users (UserID, Username, FirstName, LastName, DateOfBirth, Password, DateAdded) values (12, 'ctubrittb', 'Saw', 'Clarine', '6/3/2000', '$2a$04$Rgc1YnQgwcycZtO07SRivu5iadbtmOiMmCO91K9cfu1RPTv/8UV9K', '22:36:01');
insert into Users (UserID, Username, FirstName, LastName, DateOfBirth, Password, DateAdded) values (13, 'khaythornec', 'Konstantin', 'Kittie', '1/18/2003', '$2a$04$v.sNOnykXCxmbhVM1eb.vuxxQmyJnpKd4Sg29MW05JvQu6gmjZg6W', '18:49:00');
insert into Users (UserID, Username, FirstName, LastName, DateOfBirth, Password, DateAdded) values (14, 'bhallyburtond', 'Phyllis', 'Bruno', '10/30/2000', '$2a$04$IkND6wJM.f.j8kmSvoHrUuoryKYWRMtQc2tpVgOyqk1WAVFI56D9C', '20:18:03');
insert into Users (UserID, Username, FirstName, LastName, DateOfBirth, Password, DateAdded) values (15, 'trentcomee', 'Mylo', 'Tressa', '5/30/2002', '$2a$04$0zOPFwHB3.lhITUen9w8k.9mg3NhIO1rhO6es2MEFo3Aabtkwdhpu', '13:40:27');
insert into Users (UserID, Username, FirstName, LastName, DateOfBirth, Password, DateAdded) values (16, 'mcrackelf', 'Mollee', 'Muriel', '5/13/2002', '$2a$04$HXpOAJsL.iQaf91so9dpHuarr6xNVcdXXS5gN.H7jjTl09xoO6WYG', '10:47:15');
insert into Users (UserID, Username, FirstName, LastName, DateOfBirth, Password, DateAdded) values (17, 'beddyg', 'Dennis', 'Barty', '2/9/2000', '$2a$04$/.9Z3C/iB5jGLi1agSdJ4.W76tzzhE7R.c0fjScixT41MIvllYJ9C', '8:24:27');
insert into Users (UserID, Username, FirstName, LastName, DateOfBirth, Password, DateAdded) values (18, 'mgeldefordh', 'Roosevelt', 'Merrel', '8/20/2000', '$2a$04$Fq7QZZ0kaWJFlj09dIPlae72efN55toV40EROfd79kor8jrZZtAem', '17:03:36');
insert into Users (UserID, Username, FirstName, LastName, DateOfBirth, Password, DateAdded) values (19, 'asisslandi', 'Marten', 'Ardys', '11/10/2004', '$2a$04$FDtk./nJjapedaJxcese.eNpvA.pRPVZbgGJIyFdoFa1Sr5hFlt/u', '1:36:58');
insert into Users (UserID, Username, FirstName, LastName, DateOfBirth, Password, DateAdded) values (20, 'xhekkertj', 'Annetta', 'Xylia', '5/17/2004', '$2a$04$EsmtP0g48ZsbeoNIhf0S4ehNcC/dWR8sXe0WTowpMkNkoHqeFMrRy', '1:34:19');
insert into Users (UserID, Username, FirstName, LastName, DateOfBirth, Password, DateAdded) values (21, 'mstockhillk', 'Rory', 'Micki', '1/9/2002', '$2a$04$sEzgQRlaw/mQ1jHSuQiNwe9gDlJzRuetEfuYBJ7VAtg9xpffRdATC', '11:55:46');
insert into Users (UserID, Username, FirstName, LastName, DateOfBirth, Password, DateAdded) values (22, 'lkennermannl', 'Rudolfo', 'Lauralee', '9/24/2003', '$2a$04$XpY0r6PM4SynHl5SpqEVkuscWJn4hNo3USm59Pf2G.xikLrlqfMCa', '18:05:59');
insert into Users (UserID, Username, FirstName, LastName, DateOfBirth, Password, DateAdded) values (23, 'amathysm', 'Damara', 'Antone', '12/22/2002', '$2a$04$N1B.Fxm5AD8uB1OqaPpkwOyNtvpoIsXcBLI/JyAghuAg6.O7.J32i', '12:37:12');
insert into Users (UserID, Username, FirstName, LastName, DateOfBirth, Password, DateAdded) values (24, 'mtroddn', 'Kissiah', 'Marney', '11/25/2003', '$2a$04$O9RAq/xYrUObnFoVJ4xAYuxBHm9c380qOO9AXECVzvWvZlUPAY62C', '4:26:28');
insert into Users (UserID, Username, FirstName, LastName, DateOfBirth, Password, DateAdded) values (25, 'jmatelaitiso', 'Mandi', 'Jordain', '7/5/2004', '$2a$04$RJoZYGlfMvrpU9KpbNRk/u3T9Opp0HV90aXcD6B3pl5Imf7NOJ0hG', '4:29:39');
insert into Users (UserID, Username, FirstName, LastName, DateOfBirth, Password, DateAdded) values (26, 'abramp', 'Faustina', 'Axel', '4/19/2002', '$2a$04$tkqWE/Wk6Ou5oN4SV/fjje0rOsy15bSg8nivFF6zx.G4KBiliB6wu', '4:51:37');
insert into Users (UserID, Username, FirstName, LastName, DateOfBirth, Password, DateAdded) values (27, 'fjugginsq', 'Demetrius', 'Fergus', '1/11/2001', '$2a$04$qKEETL/pHmlM4wANtSfi5unh4mcf3m8WQZP2DnKlguqa0Ncsp/8Hm', '7:41:15');
insert into Users (UserID, Username, FirstName, LastName, DateOfBirth, Password, DateAdded) values (28, 'dstuddr', 'Ariel', 'Dorian', '9/19/2002', '$2a$04$8D4Q0lfXwM/PQuubb4KQrOPgEuHjHkLxYclnnF6OMPxpdDEuOI3rm', '15:14:12');
insert into Users (UserID, Username, FirstName, LastName, DateOfBirth, Password, DateAdded) values (29, 'ksandercrofts', 'Jessica', 'Karry', '8/3/2002', '$2a$04$miZhqS45aat1qHKq3hhDWubrzmOx/6fkzNe2llYKSlwlSSBLq9Xp6', '10:37:43');
insert into Users (UserID, Username, FirstName, LastName, DateOfBirth, Password, DateAdded) values (30, 'ctathacottt', 'Lin', 'Cornelius', '4/4/2002', '$2a$04$OUkobyXPoY1w5GU1oNKBx.kWr.ZhOUZ4Hf1OPjeG49LXbwYTFEKaG', '11:08:40');
insert into Users (UserID, Username, FirstName, LastName, DateOfBirth, Password, DateAdded) values (31, 'smurrayu', 'Vin', 'Simonette', '7/5/2000', '$2a$04$H90vw1CJDvvypHxXzYoule9K0LfY78pRyazVXjhqpadX2SWYHFKVi', '3:47:13');
insert into Users (UserID, Username, FirstName, LastName, DateOfBirth, Password, DateAdded) values (32, 'esimenetv', 'Wilmer', 'Elijah', '4/29/2003', '$2a$04$fyMldM5PzGpmh8oBKSYfGuFIzbgTyZkezUaWe/91uVzmnzzkxVbAe', '15:24:09');
insert into Users (UserID, Username, FirstName, LastName, DateOfBirth, Password, DateAdded) values (33, 'kbrambellw', 'Gavra', 'Katrina', '2/19/2003', '$2a$04$udi0USpaE4Jh72GujSicGeBrUspcJsLj9x//p2JXadiLPai6PhsdK', '5:02:36');
insert into Users (UserID, Username, FirstName, LastName, DateOfBirth, Password, DateAdded) values (34, 'cbromptonx', 'Juli', 'Claudius', '6/20/2000', '$2a$04$9qtlrjF9eoT/FuVqz.tkheKJag9k/jhNFUKDcqmHxJ6SbaMVetjJG', '9:05:34');
insert into Users (UserID, Username, FirstName, LastName, DateOfBirth, Password, DateAdded) values (35, 'tratteryy', 'Morgun', 'Tyne', '8/12/2002', '$2a$04$z2Wavu4jiiCQb2Mil7.RG.yCc/RJNmEmtMzzM8T7VKYk/11v3/A4i', '10:59:07');
insert into Users (UserID, Username, FirstName, LastName, DateOfBirth, Password, DateAdded) values (36, 'shoundsonz', 'Ursa', 'Susanetta', '2/25/2004', '$2a$04$MtKap5wMcXhoMGOWd1gi7Ox.I3AoLE5ePmS3P.urk/7YiTZQIESmm', '11:57:28');
insert into Users (UserID, Username, FirstName, LastName, DateOfBirth, Password, DateAdded) values (37, 'aupstone10', 'Gorden', 'Astrix', '5/16/2003', '$2a$04$wjskPaCT.hnd3sk6DqQ.6eEJzPA2gFDnUMS.H755dlVI4Vq6CbOaq', '4:56:25');
insert into Users (UserID, Username, FirstName, LastName, DateOfBirth, Password, DateAdded) values (38, 'tlansley11', 'Amerigo', 'Thaine', '11/9/2001', '$2a$04$1jX9IC5R7ETIDJC6VQGrjeEgW5COsAs.B7cH7e8gv7nJ4v.g2eWEm', '20:20:25');
insert into Users (UserID, Username, FirstName, LastName, DateOfBirth, Password, DateAdded) values (39, 'gfinlaison12', 'Rianon', 'Gordon', '10/5/2004', '$2a$04$SNTgkB6LKoDOPzrwcF3Ic.poZNNKwlbaT2WzDsrZuwhEkLRkoLWVa', '20:18:21');
insert into Users (UserID, Username, FirstName, LastName, DateOfBirth, Password, DateAdded) values (40, 'kmacloughlin13', 'Brendin', 'Kendricks', '1/25/2000', '$2a$04$PFrg6W/x9Fr.TxeTz12j5u56Zr4NFxZIPQAmULc9Ms5GngAf66tqe', '12:45:15');
insert into Users (UserID, Username, FirstName, LastName, DateOfBirth, Password, DateAdded) values (41, 'ksoars14', 'Neda', 'Kaspar', '2/18/2002', '$2a$04$CGWh8Ml74Tyw8oAaMYtFfebaDOiSzUXO5d/r09V7xpD.8eqX6iYje', '23:31:08');
insert into Users (UserID, Username, FirstName, LastName, DateOfBirth, Password, DateAdded) values (42, 'kraiment15', 'Brooks', 'Kennan', '11/5/2004', '$2a$04$L12mG1HKKAHcQ2KtiJcmZuju59sKDM20M29aNTs64GZgkKVPi4dhy', '5:54:23');
insert into Users (UserID, Username, FirstName, LastName, DateOfBirth, Password, DateAdded) values (43, 'lundrell16', 'Rusty', 'Law', '6/8/2001', '$2a$04$UFxF6CXBDgnOzNljJBgoLuUiq177MEcVN6Hu3m65CCf5VqTU02GYq', '16:14:36');
insert into Users (UserID, Username, FirstName, LastName, DateOfBirth, Password, DateAdded) values (44, 'lgerretsen17', 'Nichole', 'Lynne', '7/7/2001', '$2a$04$oKONAuDoo2LJNlmcD0/BQO.ITW2N5isLE1K8JSUFna9L6kIVP2jnu', '23:04:33');
insert into Users (UserID, Username, FirstName, LastName, DateOfBirth, Password, DateAdded) values (45, 'sgilvear18', 'Alexandrina', 'Sibylla', '10/10/2000', '$2a$04$CanTDRqpGfM8CNCUsWZnE.Bd/UlmDrBRxar8Tqy/ZtkDjJayHeRre', '23:32:12');
insert into Users (UserID, Username, FirstName, LastName, DateOfBirth, Password, DateAdded) values (46, 'ffost19', 'Jamill', 'Florinda', '12/6/2004', '$2a$04$zyV7SNfATU7ODyIkh3fUUeyFhOPRiyTwkkRkvRCHxSPbwnz1zH1Gq', '3:13:06');
insert into Users (UserID, Username, FirstName, LastName, DateOfBirth, Password, DateAdded) values (47, 'bcocozza1a', 'Erna', 'Blisse', '8/1/2003', '$2a$04$aWYT5t2LxyR8GjYKsaIeuetJ6uFtVWcr4J1gQHOwSAdkZiqjtDXBa', '9:16:51');
insert into Users (UserID, Username, FirstName, LastName, DateOfBirth, Password, DateAdded) values (48, 'morrell1b', 'Lurleen', 'Matty', '2/28/2004', '$2a$04$Qj7HbO/4he.Z8cKrM0VznuE/ijxq9Yxnh6XXmEbuu9Vb8ElOaFL1m', '11:35:42');
insert into Users (UserID, Username, FirstName, LastName, DateOfBirth, Password, DateAdded) values (49, 'hdugdale1c', 'Galen', 'Hermy', '6/20/2001', '$2a$04$a/h6qsnibJoSoLX54LbTJu0tMrcP.m49D9BtrFnYGoUhzypZk0hry', '4:10:07');
insert into Users (UserID, Username, FirstName, LastName, DateOfBirth, Password, DateAdded) values (50, 'ldolley1d', 'Ferdie', 'Lolita', '5/10/2003', '$2a$04$DP5KsmAjZOnkYwGfrYgyROmH8PyvA.w8yA76.51B.AgpeJ.5TUuVe', '2:27:47');
insert into Users (UserID, Username, FirstName, LastName, DateOfBirth, Password, DateAdded) values (51, 'ihully1e', 'Karee', 'Iggie', '5/14/2000', '$2a$04$50aFAT9m1CYoQt3rcpzGaO1IrNEacvcr786MV1t5RxKKin2Ehi0NG', '11:18:49');
insert into Users (UserID, Username, FirstName, LastName, DateOfBirth, Password, DateAdded) values (52, 'vhassan1f', 'Demetria', 'Vivie', '9/26/2004', '$2a$04$2Aa8oFQu0O9Fi53TsUTyf..zclm.s94fZ4o8PlxYjUlh1SVofhML.', '15:58:20');
insert into Users (UserID, Username, FirstName, LastName, DateOfBirth, Password, DateAdded) values (53, 'fbassingden1g', 'Irwin', 'Fey', '10/6/2002', '$2a$04$NIyWyka/k1yPhRLJq3pNKuiVbWXYfrgcVwFtTIFHzYX5rxjYwzhDi', '13:16:05');
insert into Users (UserID, Username, FirstName, LastName, DateOfBirth, Password, DateAdded) values (54, 'bmcilmorie1h', 'Lesli', 'Bartholemy', '1/16/2003', '$2a$04$q0f.gJJ7dEb5KwF3vlSHGe3yWEtncQ3JxgE6n8IW9P0u1e63Z4AFG', '22:16:41');
insert into Users (UserID, Username, FirstName, LastName, DateOfBirth, Password, DateAdded) values (55, 'zclancey1i', 'Giuditta', 'Zaccaria', '5/1/2003', '$2a$04$PPZgQ/0v.O/toqjIsrkEx.Q16WEDNENh1jZOAEESCVpseznMXhfXK', '17:51:06');
insert into Users (UserID, Username, FirstName, LastName, DateOfBirth, Password, DateAdded) values (56, 'tfaustin1j', 'Legra', 'Tate', '9/19/2001', '$2a$04$3AtGwqyyuEBM5hIrC5FuhedpzGUQ1iE0HpkOIaJhlnevOsDwF.qPi', '1:31:11');
insert into Users (UserID, Username, FirstName, LastName, DateOfBirth, Password, DateAdded) values (57, 'cchanner1k', 'Lucila', 'Conan', '12/2/2002', '$2a$04$A57Jn9YhBTUobnUEiems6Op3473PBhz6yu8O3P08vqmj.Z/9.C262', '7:06:51');
insert into Users (UserID, Username, FirstName, LastName, DateOfBirth, Password, DateAdded) values (58, 'dcraker1l', 'Wilhelmine', 'Deanna', '11/26/2004', '$2a$04$sn8vojMu0sg2EFwrf6OyH.iY.nIyiI8f0pDqeTw03XQYlj5X57nXu', '17:35:04');
insert into Users (UserID, Username, FirstName, LastName, DateOfBirth, Password, DateAdded) values (59, 'pdelong1m', 'Gui', 'Phylis', '10/28/2003', '$2a$04$/4vEtOvmxkbQSiY9VyJoneLCU63OxAT0AjywVhzTMDi8wxZ8PnrYK', '4:57:57');
insert into Users (UserID, Username, FirstName, LastName, DateOfBirth, Password, DateAdded) values (60, 'grenachowski1n', 'Marinna', 'Georgiana', '9/12/2002', '$2a$04$I9dinm0BrdKBeT1Zqd3ww.M4Cb4cHdSZ3TuE.3Sz3lZvtbpi6UvWW', '1:08:24');
insert into Users (UserID, Username, FirstName, LastName, DateOfBirth, Password, DateAdded) values (61, 'lpearne1o', 'Sharyl', 'Lilah', '11/3/2004', '$2a$04$XPXw4Vz/fYdLfR9OHaulVu0EKH9iV9RnnRR09A2mACOZ1mVgZwrJq', '15:26:21');
insert into Users (UserID, Username, FirstName, LastName, DateOfBirth, Password, DateAdded) values (62, 'dcandie1p', 'Nealson', 'Darby', '7/31/2004', '$2a$04$.YaCo.hxyLByRCruiIkHAupPNWNxnx.gINANRC8XiQCiuqO/zyDru', '1:09:16');
insert into Users (UserID, Username, FirstName, LastName, DateOfBirth, Password, DateAdded) values (63, 'tjanssen1q', 'Kinsley', 'Tiphanie', '4/25/2003', '$2a$04$Sr7N4K/GDnL1OTS2SaHqfuyhxBnFUxTEBkIxzF29KS.8h5t5eCjdS', '13:48:43');
insert into Users (UserID, Username, FirstName, LastName, DateOfBirth, Password, DateAdded) values (64, 'svolcker1r', 'Chelsea', 'Sanderson', '1/19/2004', '$2a$04$fQHx.VMmyY6n0mBywx0CT.EvWlsTpw2.trcL5JUhcKpSY8x3hjRVK', '0:16:13');
insert into Users (UserID, Username, FirstName, LastName, DateOfBirth, Password, DateAdded) values (65, 'dlaurens1s', 'Tait', 'Domenic', '11/6/2003', '$2a$04$oRQwYvCZnOyS.je9THiSN.SJiEhTJZ7u.u51whMS8nqzr0U32ZU6O', '19:53:16');
insert into Users (UserID, Username, FirstName, LastName, DateOfBirth, Password, DateAdded) values (66, 'mfox1t', 'Hewe', 'Milt', '6/15/2001', '$2a$04$2EFZ4FEAMPUD7koNNVpVFOf6hTOCRGaowkJQNvCPHKK46XXyi95Ry', '4:53:54');
insert into Users (UserID, Username, FirstName, LastName, DateOfBirth, Password, DateAdded) values (67, 'rgerant1u', 'Shaine', 'Reginauld', '2/12/2004', '$2a$04$Ox7NPjrv6fbSxbbG4dXF8.euDZAjMzT58dqhXn.CfNo6o2oQQKuge', '0:01:23');
insert into Users (UserID, Username, FirstName, LastName, DateOfBirth, Password, DateAdded) values (68, 'tducham1v', 'Bobby', 'Teresa', '4/13/2004', '$2a$04$7BsgEA1deeyboyVoUsNJSOA.3CcC87pG5MPEF5dF33kieg4hzT56K', '12:38:30');
insert into Users (UserID, Username, FirstName, LastName, DateOfBirth, Password, DateAdded) values (69, 'rbernadot1w', 'Dahlia', 'Renae', '2/8/2002', '$2a$04$a9rH304EyhileX1/2jXdguODVBK1UM5VSqaHDx63rr6gQu4D0z/aW', '11:19:48');
insert into Users (UserID, Username, FirstName, LastName, DateOfBirth, Password, DateAdded) values (70, 'lmclaughlan1x', 'Waite', 'Leoine', '6/8/2004', '$2a$04$KRJ7lRWXLXxZD6ktE.YnFOS0AWz3h9R26vBVRIRGeTqnX2jy4t3DK', '11:21:18');
insert into Users (UserID, Username, FirstName, LastName, DateOfBirth, Password, DateAdded) values (71, 'vchadburn1y', 'Erhart', 'Victoria', '5/27/2004', '$2a$04$.2UKWco3vIzEAUb1sgjxy.DNTTvQiJSMmU/QBJFAExzu8kiGFzi2S', '8:17:03');
insert into Users (UserID, Username, FirstName, LastName, DateOfBirth, Password, DateAdded) values (72, 'boseman1z', 'Kaia', 'Barth', '10/3/2004', '$2a$04$4Q.2V.CjXrhaPraEyyNmRO3TWeROjAtOj8U8EYrUTPPGccLc4JsRq', '9:34:30');
insert into Users (UserID, Username, FirstName, LastName, DateOfBirth, Password, DateAdded) values (73, 'bgodmer20', 'Munmro', 'Bobbye', '8/27/2003', '$2a$04$TdDdMvhe99byQDzjzK7RcO4Kwm3QNZ0DfNB7LS913PXEU1o.uB1ES', '2:15:22');
insert into Users (UserID, Username, FirstName, LastName, DateOfBirth, Password, DateAdded) values (74, 'jdestouche21', 'Knox', 'Jenilee', '12/9/2000', '$2a$04$ncZRZMvwucfHi2qHdogIjeIYkMqDzcSyPpIqaTcOb94PGXOdptVdK', '9:18:14');
insert into Users (UserID, Username, FirstName, LastName, DateOfBirth, Password, DateAdded) values (75, 'efrancecione22', 'Alric', 'Elvira', '11/15/2003', '$2a$04$iGoKCzRYspmHmB1YbOuvNe.nHeBy1el7d68aT/k8UumotrYtnO26i', '13:06:10');
insert into Users (UserID, Username, FirstName, LastName, DateOfBirth, Password, DateAdded) values (76, 'rmowsdale23', 'Stacie', 'Rodrick', '10/25/2004', '$2a$04$xIMRyj3kA4NkJ7FfBMqIWO.8o2SKh.Hzr4TvoCNj88YM/k4j.Q.X6', '17:08:54');
insert into Users (UserID, Username, FirstName, LastName, DateOfBirth, Password, DateAdded) values (77, 'tlauret24', 'Hermie', 'Teador', '12/8/2003', '$2a$04$X2VxXCZsqHmGrFDiU6B5tOm4MgOMuukY2HgnmsBf5HalAV63FeyWi', '16:09:17');
insert into Users (UserID, Username, FirstName, LastName, DateOfBirth, Password, DateAdded) values (78, 'bnind25', 'Dorene', 'Birgit', '3/27/2004', '$2a$04$PbyyKHmupdbJ3FjDtfPH9.KCBsgA5IHM1f4XzViLi1Tqu4RI25HMa', '12:58:31');
insert into Users (UserID, Username, FirstName, LastName, DateOfBirth, Password, DateAdded) values (79, 'akunz26', 'Crissy', 'Abagael', '10/9/2000', '$2a$04$EgFYIm/qorlBb.pAEK3Up.DdffYwheV3HKhG2DmPZMBfNTvBOFAz.', '6:46:29');
insert into Users (UserID, Username, FirstName, LastName, DateOfBirth, Password, DateAdded) values (80, 'ckillelea27', 'Murdock', 'Carlo', '6/14/2004', '$2a$04$c/iT/F95StIm6yq8Giz0HeWer/4win4tE/4nVGuY1s17fIqu/IYb6', '8:54:02');
insert into Users (UserID, Username, FirstName, LastName, DateOfBirth, Password, DateAdded) values (81, 'abarden28', 'Tadd', 'Ardelis', '9/17/2003', '$2a$04$UrgFPNqjjwejQCDnBoNdI.3/MDK5FOSmhWrDvk/5w34aHyCmtvIDy', '2:49:25');
insert into Users (UserID, Username, FirstName, LastName, DateOfBirth, Password, DateAdded) values (82, 'rdare29', 'Hunt', 'Roselin', '2/16/2000', '$2a$04$8AkPAwqkdRnWf..6oI1jAe0XSznlPr3v5O/ZwlSrELPtmnwfnF9u2', '12:01:18');
insert into Users (UserID, Username, FirstName, LastName, DateOfBirth, Password, DateAdded) values (83, 'rdelaperrelle2a', 'Louie', 'Ricca', '7/14/2003', '$2a$04$kXMFDUSCxNuZZRUYQnJZWO7C5rrOh35IRL2vojjCxFrJCqD6Olpeq', '10:57:04');
insert into Users (UserID, Username, FirstName, LastName, DateOfBirth, Password, DateAdded) values (84, 'sbraddon2b', 'Sonnie', 'Stanislaw', '5/26/2002', '$2a$04$Fy4oztrp08oenFTeYhwoEOBBQgl31QB7.SNGfwIeTj2Rpmb5CWc6.', '7:27:58');
insert into Users (UserID, Username, FirstName, LastName, DateOfBirth, Password, DateAdded) values (85, 'arippon2c', 'Sallee', 'Arnoldo', '6/4/2004', '$2a$04$KMlnB/JztLwo.kTbo75jkeUxXDFI3aboRHIyRU8MLjMLhkus/Kig6', '2:42:56');
insert into Users (UserID, Username, FirstName, LastName, DateOfBirth, Password, DateAdded) values (86, 'fcouche2d', 'Marcus', 'Fredericka', '7/29/2003', '$2a$04$H/ZKTxjUDVfAGoS8DAO5guo7zfqrZM2fNM3QDgVv5NjTpx./LGbd6', '7:54:43');
insert into Users (UserID, Username, FirstName, LastName, DateOfBirth, Password, DateAdded) values (87, 'vargabrite2e', 'Nickolas', 'Vanni', '8/28/2000', '$2a$04$UhUhGxtrIFhej8/mlTUBQe9Zb3IawokCQ5V0JlBgUV47B.ljFb75G', '7:06:27');
insert into Users (UserID, Username, FirstName, LastName, DateOfBirth, Password, DateAdded) values (88, 'cgresley2f', 'Dall', 'Clayborne', '8/13/2003', '$2a$04$3wrITkTK35SydL1ci9lzpum3INngiWKD7BXjamY394fFC17QwEiXu', '12:59:11');
insert into Users (UserID, Username, FirstName, LastName, DateOfBirth, Password, DateAdded) values (89, 'lkilgannon2g', 'Gretna', 'Leonerd', '4/4/2002', '$2a$04$osmfWMRsPnPyVbCHd.q8mu7f3LD/uvx/TdldYtqh8.iPYi55lAk9a', '0:19:28');
insert into Users (UserID, Username, FirstName, LastName, DateOfBirth, Password, DateAdded) values (90, 'edainty2h', 'Suellen', 'Elwira', '4/26/2002', '$2a$04$wuCsJzkkX2YSC0w.pBaimuzv/K3iqO8kKazsmyuiHfZSqnTuBWz6S', '11:52:35');
insert into Users (UserID, Username, FirstName, LastName, DateOfBirth, Password, DateAdded) values (91, 'abartrop2i', 'Hubey', 'Angela', '12/21/2003', '$2a$04$CW0cdub2gX.Iz0UxE6hN7u0i2osvqu7BtlFgHrjk/08GHDi7SMVli', '11:20:06');
insert into Users (UserID, Username, FirstName, LastName, DateOfBirth, Password, DateAdded) values (92, 'pcreffeild2j', 'Jordanna', 'Philippe', '1/1/2001', '$2a$04$BdrWi/XX7AxG7pa4C3KfZeWFQ4FKNwr2h8DnRwE3dj3d5Fc7nnc3W', '4:33:49');
insert into Users (UserID, Username, FirstName, LastName, DateOfBirth, Password, DateAdded) values (93, 'crotge2k', 'Laverna', 'Codee', '12/11/2002', '$2a$04$tRPUgYpgP9MynoVWC/gmFeiK4SndyUsZizitajTOOIejrbREkNDqS', '1:36:58');
insert into Users (UserID, Username, FirstName, LastName, DateOfBirth, Password, DateAdded) values (94, 'cclinkard2l', 'Lesya', 'Corene', '10/28/2003', '$2a$04$koEcNRaYmS27Hfvd2wXwxOmQZxPKPDa.op/O0h6BlazRUNzeJO/Cy', '1:50:01');
insert into Users (UserID, Username, FirstName, LastName, DateOfBirth, Password, DateAdded) values (95, 'mvegas2m', 'Eadie', 'Malena', '5/16/2003', '$2a$04$kqJ5zjyPNSP/ThmYU2rk5e7JApd/66Yfzt1kYtFHoEXEdQ41YkVyy', '22:46:28');
insert into Users (UserID, Username, FirstName, LastName, DateOfBirth, Password, DateAdded) values (96, 'dtrebble2n', 'Mela', 'Dmitri', '6/2/2003', '$2a$04$Izs/U8j8n7KGo4z/EfjWwOSkwRbaCYnx0/J.iVcewgSE5uA7YTVjW', '10:35:13');
insert into Users (UserID, Username, FirstName, LastName, DateOfBirth, Password, DateAdded) values (97, 'kmcwhirter2o', 'Wallie', 'Karin', '6/5/2004', '$2a$04$F20ZVn7XxUgryJBzw6vkKOmmqx8G4J5IgoMtIlvXrfDs4pJBNpAwO', '0:51:00');
insert into Users (UserID, Username, FirstName, LastName, DateOfBirth, Password, DateAdded) values (98, 'ggascone2p', 'Ira', 'Gilburt', '5/27/2000', '$2a$04$yVM.2b2efzC7HcNA7Do5pOeF4CeMSAuw/TTVDx2/VBTQjoQNYBxYO', '11:16:49');
insert into Users (UserID, Username, FirstName, LastName, DateOfBirth, Password, DateAdded) values (99, 'egress2q', 'Hyacinth', 'Elisha', '10/2/2004', '$2a$04$5wvnWSIKBIBDh2/o8bkpJO0SVMhXQH9T3wh6V1WR6TXKlGnNz5Ge2', '16:52:02');
insert into Users (UserID, Username, FirstName, LastName, DateOfBirth, Password, DateAdded) values (100, 'zquinell2r', 'Griselda', 'Zach', '3/16/2001', '$2a$04$cQTQF606bTrCU20KUOyZaObUwMq6BpbZyf5i99ILXJWYMb2Q8Sh2m', '14:52:37');


insert into Friends (FriendID, FriendWhoAdded, FriendBeingAdded, IsAccepted, DateAdded) values (1, 94, 59, false, '19:10:21');
insert into Friends (FriendID, FriendWhoAdded, FriendBeingAdded, IsAccepted, DateAdded) values (2, 33, 48, false, '4:36:17');
insert into Friends (FriendID, FriendWhoAdded, FriendBeingAdded, IsAccepted, DateAdded) values (3, 25, 99, true, '14:01:19');
insert into Friends (FriendID, FriendWhoAdded, FriendBeingAdded, IsAccepted, DateAdded) values (4, 17, 51, false, '11:54:11');
insert into Friends (FriendID, FriendWhoAdded, FriendBeingAdded, IsAccepted, DateAdded) values (5, 99, 22, false, '23:35:29');
insert into Friends (FriendID, FriendWhoAdded, FriendBeingAdded, IsAccepted, DateAdded) values (6, 70, 20, true, '5:15:38');
insert into Friends (FriendID, FriendWhoAdded, FriendBeingAdded, IsAccepted, DateAdded) values (7, 43, 42, true, '14:43:42');
insert into Friends (FriendID, FriendWhoAdded, FriendBeingAdded, IsAccepted, DateAdded) values (8, 29, 58, false, '6:19:21');
insert into Friends (FriendID, FriendWhoAdded, FriendBeingAdded, IsAccepted, DateAdded) values (9, 19, 42, false, '3:01:35');
insert into Friends (FriendID, FriendWhoAdded, FriendBeingAdded, IsAccepted, DateAdded) values (10, 75, 5, false, '4:16:14');
insert into Friends (FriendID, FriendWhoAdded, FriendBeingAdded, IsAccepted, DateAdded) values (11, 29, 40, true, '22:01:15');
insert into Friends (FriendID, FriendWhoAdded, FriendBeingAdded, IsAccepted, DateAdded) values (12, 97, 90, true, '6:35:28');
insert into Friends (FriendID, FriendWhoAdded, FriendBeingAdded, IsAccepted, DateAdded) values (13, 77, 69, true, '21:22:11');
insert into Friends (FriendID, FriendWhoAdded, FriendBeingAdded, IsAccepted, DateAdded) values (14, 20, 23, false, '1:01:07');
insert into Friends (FriendID, FriendWhoAdded, FriendBeingAdded, IsAccepted, DateAdded) values (15, 100, 60, true, '8:34:09');
insert into Friends (FriendID, FriendWhoAdded, FriendBeingAdded, IsAccepted, DateAdded) values (16, 79, 67, false, '7:22:32');
insert into Friends (FriendID, FriendWhoAdded, FriendBeingAdded, IsAccepted, DateAdded) values (17, 59, 14, false, '5:51:09');
insert into Friends (FriendID, FriendWhoAdded, FriendBeingAdded, IsAccepted, DateAdded) values (18, 3, 28, false, '8:32:36');
insert into Friends (FriendID, FriendWhoAdded, FriendBeingAdded, IsAccepted, DateAdded) values (19, 12, 4, true, '12:10:56');
insert into Friends (FriendID, FriendWhoAdded, FriendBeingAdded, IsAccepted, DateAdded) values (20, 24, 17, true, '7:15:15');
insert into Friends (FriendID, FriendWhoAdded, FriendBeingAdded, IsAccepted, DateAdded) values (21, 50, 83, true, '22:25:45');
insert into Friends (FriendID, FriendWhoAdded, FriendBeingAdded, IsAccepted, DateAdded) values (22, 84, 9, false, '6:24:25');
insert into Friends (FriendID, FriendWhoAdded, FriendBeingAdded, IsAccepted, DateAdded) values (23, 35, 83, false, '11:58:30');
insert into Friends (FriendID, FriendWhoAdded, FriendBeingAdded, IsAccepted, DateAdded) values (24, 47, 78, true, '13:17:27');
insert into Friends (FriendID, FriendWhoAdded, FriendBeingAdded, IsAccepted, DateAdded) values (25, 24, 12, false, '19:00:36');
insert into Friends (FriendID, FriendWhoAdded, FriendBeingAdded, IsAccepted, DateAdded) values (26, 25, 59, false, '12:39:58');
insert into Friends (FriendID, FriendWhoAdded, FriendBeingAdded, IsAccepted, DateAdded) values (27, 49, 44, false, '5:42:19');
insert into Friends (FriendID, FriendWhoAdded, FriendBeingAdded, IsAccepted, DateAdded) values (28, 2, 66, true, '20:51:02');
insert into Friends (FriendID, FriendWhoAdded, FriendBeingAdded, IsAccepted, DateAdded) values (29, 77, 99, false, '20:13:46');
insert into Friends (FriendID, FriendWhoAdded, FriendBeingAdded, IsAccepted, DateAdded) values (30, 78, 37, true, '6:39:32');
insert into Friends (FriendID, FriendWhoAdded, FriendBeingAdded, IsAccepted, DateAdded) values (31, 25, 11, false, '19:20:27');
insert into Friends (FriendID, FriendWhoAdded, FriendBeingAdded, IsAccepted, DateAdded) values (32, 69, 42, true, '23:54:17');
insert into Friends (FriendID, FriendWhoAdded, FriendBeingAdded, IsAccepted, DateAdded) values (33, 25, 49, true, '21:44:38');
insert into Friends (FriendID, FriendWhoAdded, FriendBeingAdded, IsAccepted, DateAdded) values (34, 64, 85, false, '4:16:52');
insert into Friends (FriendID, FriendWhoAdded, FriendBeingAdded, IsAccepted, DateAdded) values (35, 79, 14, false, '21:50:58');
insert into Friends (FriendID, FriendWhoAdded, FriendBeingAdded, IsAccepted, DateAdded) values (36, 62, 64, true, '5:48:08');
insert into Friends (FriendID, FriendWhoAdded, FriendBeingAdded, IsAccepted, DateAdded) values (37, 93, 62, true, '16:54:57');
insert into Friends (FriendID, FriendWhoAdded, FriendBeingAdded, IsAccepted, DateAdded) values (38, 77, 47, true, '7:26:38');
insert into Friends (FriendID, FriendWhoAdded, FriendBeingAdded, IsAccepted, DateAdded) values (39, 15, 31, false, '7:19:48');
insert into Friends (FriendID, FriendWhoAdded, FriendBeingAdded, IsAccepted, DateAdded) values (40, 50, 90, true, '10:12:23');
insert into Friends (FriendID, FriendWhoAdded, FriendBeingAdded, IsAccepted, DateAdded) values (41, 21, 50, true, '20:25:43');
insert into Friends (FriendID, FriendWhoAdded, FriendBeingAdded, IsAccepted, DateAdded) values (42, 67, 25, false, '15:56:27');
insert into Friends (FriendID, FriendWhoAdded, FriendBeingAdded, IsAccepted, DateAdded) values (43, 98, 76, false, '17:59:19');
insert into Friends (FriendID, FriendWhoAdded, FriendBeingAdded, IsAccepted, DateAdded) values (44, 43, 95, false, '4:33:13');
insert into Friends (FriendID, FriendWhoAdded, FriendBeingAdded, IsAccepted, DateAdded) values (45, 69, 5, false, '11:46:53');
insert into Friends (FriendID, FriendWhoAdded, FriendBeingAdded, IsAccepted, DateAdded) values (46, 25, 44, false, '15:14:31');
insert into Friends (FriendID, FriendWhoAdded, FriendBeingAdded, IsAccepted, DateAdded) values (47, 64, 49, false, '10:20:36');
insert into Friends (FriendID, FriendWhoAdded, FriendBeingAdded, IsAccepted, DateAdded) values (48, 37, 60, false, '6:13:48');
insert into Friends (FriendID, FriendWhoAdded, FriendBeingAdded, IsAccepted, DateAdded) values (49, 57, 43, true, '16:01:25');
insert into Friends (FriendID, FriendWhoAdded, FriendBeingAdded, IsAccepted, DateAdded) values (50, 98, 3, false, '2:21:19');
insert into Friends (FriendID, FriendWhoAdded, FriendBeingAdded, IsAccepted, DateAdded) values (51, 83, 81, true, '7:40:05');
insert into Friends (FriendID, FriendWhoAdded, FriendBeingAdded, IsAccepted, DateAdded) values (52, 94, 26, false, '18:32:03');
insert into Friends (FriendID, FriendWhoAdded, FriendBeingAdded, IsAccepted, DateAdded) values (53, 10, 72, true, '21:12:51');
insert into Friends (FriendID, FriendWhoAdded, FriendBeingAdded, IsAccepted, DateAdded) values (54, 4, 9, false, '0:55:19');
insert into Friends (FriendID, FriendWhoAdded, FriendBeingAdded, IsAccepted, DateAdded) values (55, 63, 94, true, '12:32:33');
insert into Friends (FriendID, FriendWhoAdded, FriendBeingAdded, IsAccepted, DateAdded) values (56, 10, 65, true, '18:39:06');
insert into Friends (FriendID, FriendWhoAdded, FriendBeingAdded, IsAccepted, DateAdded) values (57, 29, 7, true, '21:28:08');
insert into Friends (FriendID, FriendWhoAdded, FriendBeingAdded, IsAccepted, DateAdded) values (58, 21, 24, true, '2:12:30');
insert into Friends (FriendID, FriendWhoAdded, FriendBeingAdded, IsAccepted, DateAdded) values (59, 34, 55, false, '21:03:39');
insert into Friends (FriendID, FriendWhoAdded, FriendBeingAdded, IsAccepted, DateAdded) values (60, 10, 4, false, '15:19:12');
insert into Friends (FriendID, FriendWhoAdded, FriendBeingAdded, IsAccepted, DateAdded) values (61, 88, 5, true, '0:58:14');
insert into Friends (FriendID, FriendWhoAdded, FriendBeingAdded, IsAccepted, DateAdded) values (62, 52, 21, false, '11:30:27');
insert into Friends (FriendID, FriendWhoAdded, FriendBeingAdded, IsAccepted, DateAdded) values (63, 46, 30, true, '18:51:14');
insert into Friends (FriendID, FriendWhoAdded, FriendBeingAdded, IsAccepted, DateAdded) values (64, 89, 76, false, '12:28:54');
insert into Friends (FriendID, FriendWhoAdded, FriendBeingAdded, IsAccepted, DateAdded) values (65, 33, 63, false, '1:48:40');
insert into Friends (FriendID, FriendWhoAdded, FriendBeingAdded, IsAccepted, DateAdded) values (66, 87, 15, true, '10:15:20');
insert into Friends (FriendID, FriendWhoAdded, FriendBeingAdded, IsAccepted, DateAdded) values (67, 91, 24, false, '22:11:54');
insert into Friends (FriendID, FriendWhoAdded, FriendBeingAdded, IsAccepted, DateAdded) values (68, 89, 47, true, '23:47:12');
insert into Friends (FriendID, FriendWhoAdded, FriendBeingAdded, IsAccepted, DateAdded) values (69, 41, 39, true, '4:45:33');
insert into Friends (FriendID, FriendWhoAdded, FriendBeingAdded, IsAccepted, DateAdded) values (70, 40, 36, false, '0:31:11');
insert into Friends (FriendID, FriendWhoAdded, FriendBeingAdded, IsAccepted, DateAdded) values (71, 32, 13, false, '20:55:17');
insert into Friends (FriendID, FriendWhoAdded, FriendBeingAdded, IsAccepted, DateAdded) values (72, 11, 45, false, '13:28:20');
insert into Friends (FriendID, FriendWhoAdded, FriendBeingAdded, IsAccepted, DateAdded) values (73, 26, 84, true, '17:28:14');
insert into Friends (FriendID, FriendWhoAdded, FriendBeingAdded, IsAccepted, DateAdded) values (74, 40, 9, true, '5:47:39');
insert into Friends (FriendID, FriendWhoAdded, FriendBeingAdded, IsAccepted, DateAdded) values (75, 83, 86, true, '2:28:08');
insert into Friends (FriendID, FriendWhoAdded, FriendBeingAdded, IsAccepted, DateAdded) values (76, 66, 9, true, '8:13:41');
insert into Friends (FriendID, FriendWhoAdded, FriendBeingAdded, IsAccepted, DateAdded) values (77, 13, 41, false, '13:05:15');
insert into Friends (FriendID, FriendWhoAdded, FriendBeingAdded, IsAccepted, DateAdded) values (78, 36, 1, true, '10:54:41');
insert into Friends (FriendID, FriendWhoAdded, FriendBeingAdded, IsAccepted, DateAdded) values (79, 81, 77, false, '4:06:31');
insert into Friends (FriendID, FriendWhoAdded, FriendBeingAdded, IsAccepted, DateAdded) values (80, 47, 14, true, '10:46:29');
insert into Friends (FriendID, FriendWhoAdded, FriendBeingAdded, IsAccepted, DateAdded) values (81, 73, 83, false, '19:31:57');
insert into Friends (FriendID, FriendWhoAdded, FriendBeingAdded, IsAccepted, DateAdded) values (82, 74, 43, true, '12:54:44');
insert into Friends (FriendID, FriendWhoAdded, FriendBeingAdded, IsAccepted, DateAdded) values (83, 3, 43, true, '20:22:51');
insert into Friends (FriendID, FriendWhoAdded, FriendBeingAdded, IsAccepted, DateAdded) values (84, 13, 67, true, '8:53:27');
insert into Friends (FriendID, FriendWhoAdded, FriendBeingAdded, IsAccepted, DateAdded) values (85, 37, 74, true, '2:49:03');
insert into Friends (FriendID, FriendWhoAdded, FriendBeingAdded, IsAccepted, DateAdded) values (86, 92, 42, false, '10:19:20');
insert into Friends (FriendID, FriendWhoAdded, FriendBeingAdded, IsAccepted, DateAdded) values (87, 80, 89, true, '3:56:17');
insert into Friends (FriendID, FriendWhoAdded, FriendBeingAdded, IsAccepted, DateAdded) values (88, 56, 1, false, '6:47:51');
insert into Friends (FriendID, FriendWhoAdded, FriendBeingAdded, IsAccepted, DateAdded) values (89, 37, 77, false, '10:22:06');
insert into Friends (FriendID, FriendWhoAdded, FriendBeingAdded, IsAccepted, DateAdded) values (90, 66, 23, false, '10:30:15');
insert into Friends (FriendID, FriendWhoAdded, FriendBeingAdded, IsAccepted, DateAdded) values (91, 64, 38, true, '19:23:54');
insert into Friends (FriendID, FriendWhoAdded, FriendBeingAdded, IsAccepted, DateAdded) values (92, 50, 13, true, '10:59:13');
insert into Friends (FriendID, FriendWhoAdded, FriendBeingAdded, IsAccepted, DateAdded) values (93, 40, 35, true, '11:18:57');
insert into Friends (FriendID, FriendWhoAdded, FriendBeingAdded, IsAccepted, DateAdded) values (94, 55, 61, false, '18:39:22');
insert into Friends (FriendID, FriendWhoAdded, FriendBeingAdded, IsAccepted, DateAdded) values (95, 65, 98, false, '15:24:06');
insert into Friends (FriendID, FriendWhoAdded, FriendBeingAdded, IsAccepted, DateAdded) values (96, 42, 37, true, '5:04:15');
insert into Friends (FriendID, FriendWhoAdded, FriendBeingAdded, IsAccepted, DateAdded) values (97, 83, 68, false, '16:30:12');
insert into Friends (FriendID, FriendWhoAdded, FriendBeingAdded, IsAccepted, DateAdded) values (98, 13, 2, false, '14:04:12');
insert into Friends (FriendID, FriendWhoAdded, FriendBeingAdded, IsAccepted, DateAdded) values (99, 93, 52, false, '22:43:25');
insert into Friends (FriendID, FriendWhoAdded, FriendBeingAdded, IsAccepted, DateAdded) values (100, 100, 83, true, '6:09:56');


insert into Groups (GroupID, GroupName, CreatedBy, DateAdded) values (1, 'Murphy-Block', 30, '6:49:10');
insert into Groups (GroupID, GroupName, CreatedBy, DateAdded) values (2, 'Douglas, Huel and Leuschke', 5, '23:44:43');
insert into Groups (GroupID, GroupName, CreatedBy, DateAdded) values (3, 'Jerde LLC', 51, '2:37:53');
insert into Groups (GroupID, GroupName, CreatedBy, DateAdded) values (4, 'Armstrong-Friesen', 67, '23:31:56');
insert into Groups (GroupID, GroupName, CreatedBy, DateAdded) values (5, 'Grant-Crona', 24, '10:54:20');
insert into Groups (GroupID, GroupName, CreatedBy, DateAdded) values (6, 'Paucek-Hills', 9, '9:56:09');
insert into Groups (GroupID, GroupName, CreatedBy, DateAdded) values (7, 'Moore, Emard and Hackett', 33, '12:33:07');
insert into Groups (GroupID, GroupName, CreatedBy, DateAdded) values (8, 'DuBuque-Ritchie', 52, '16:10:15');
insert into Groups (GroupID, GroupName, CreatedBy, DateAdded) values (9, 'Hagenes, Sporer and Cole', 25, '10:56:13');
insert into Groups (GroupID, GroupName, CreatedBy, DateAdded) values (10, 'Hammes-Nolan', 65, '19:23:21');
insert into Groups (GroupID, GroupName, CreatedBy, DateAdded) values (11, 'Thiel, Hagenes and Morar', 28, '9:51:26');
insert into Groups (GroupID, GroupName, CreatedBy, DateAdded) values (12, 'Stamm Inc', 92, '21:43:19');
insert into Groups (GroupID, GroupName, CreatedBy, DateAdded) values (13, 'Rice LLC', 50, '20:38:05');
insert into Groups (GroupID, GroupName, CreatedBy, DateAdded) values (14, 'Ward, Hettinger and Langosh', 44, '6:39:09');
insert into Groups (GroupID, GroupName, CreatedBy, DateAdded) values (15, 'Kiehn and Sons', 70, '18:54:50');
insert into Groups (GroupID, GroupName, CreatedBy, DateAdded) values (16, 'Sipes-Williamson', 82, '2:39:52');
insert into Groups (GroupID, GroupName, CreatedBy, DateAdded) values (17, 'Hudson, Botsford and Huel', 95, '6:56:29');
insert into Groups (GroupID, GroupName, CreatedBy, DateAdded) values (18, 'Gislason-Koelpin', 77, '12:57:23');
insert into Groups (GroupID, GroupName, CreatedBy, DateAdded) values (19, 'Wolff Group', 69, '18:20:04');
insert into Groups (GroupID, GroupName, CreatedBy, DateAdded) values (20, 'Muller-Predovic', 47, '23:39:58');
insert into Groups (GroupID, GroupName, CreatedBy, DateAdded) values (21, 'Ortiz, Konopelski and Leffler', 18, '11:42:45');
insert into Groups (GroupID, GroupName, CreatedBy, DateAdded) values (22, 'Ferry-Tillman', 71, '14:49:07');
insert into Groups (GroupID, GroupName, CreatedBy, DateAdded) values (23, 'Schinner Inc', 86, '8:07:38');
insert into Groups (GroupID, GroupName, CreatedBy, DateAdded) values (24, 'Purdy-Murazik', 25, '22:07:24');
insert into Groups (GroupID, GroupName, CreatedBy, DateAdded) values (25, 'Heaney Inc', 78, '15:17:42');
insert into Groups (GroupID, GroupName, CreatedBy, DateAdded) values (26, 'Breitenberg, Cremin and Abbott', 44, '15:23:28');
insert into Groups (GroupID, GroupName, CreatedBy, DateAdded) values (27, 'Hilll, Gleichner and Larson', 75, '15:30:28');
insert into Groups (GroupID, GroupName, CreatedBy, DateAdded) values (28, 'O''Connell-Hammes', 27, '20:25:48');
insert into Groups (GroupID, GroupName, CreatedBy, DateAdded) values (29, 'Senger Inc', 18, '16:53:25');
insert into Groups (GroupID, GroupName, CreatedBy, DateAdded) values (30, 'Witting, Weber and Strosin', 6, '18:44:52');
insert into Groups (GroupID, GroupName, CreatedBy, DateAdded) values (31, 'Bashirian-Schamberger', 95, '23:56:59');
insert into Groups (GroupID, GroupName, CreatedBy, DateAdded) values (32, 'Lemke and Sons', 83, '2:46:59');
insert into Groups (GroupID, GroupName, CreatedBy, DateAdded) values (33, 'Crooks-Langosh', 30, '3:24:31');
insert into Groups (GroupID, GroupName, CreatedBy, DateAdded) values (34, 'Miller LLC', 90, '15:43:37');
insert into Groups (GroupID, GroupName, CreatedBy, DateAdded) values (35, 'Rosenbaum Inc', 77, '21:07:12');
insert into Groups (GroupID, GroupName, CreatedBy, DateAdded) values (36, 'Torp, Bayer and Douglas', 60, '8:51:19');
insert into Groups (GroupID, GroupName, CreatedBy, DateAdded) values (37, 'Herzog LLC', 97, '23:31:16');
insert into Groups (GroupID, GroupName, CreatedBy, DateAdded) values (38, 'Fritsch, Bode and Kulas', 45, '11:17:23');
insert into Groups (GroupID, GroupName, CreatedBy, DateAdded) values (39, 'Kessler-Goodwin', 4, '9:11:29');
insert into Groups (GroupID, GroupName, CreatedBy, DateAdded) values (40, 'Fahey LLC', 72, '8:16:16');
insert into Groups (GroupID, GroupName, CreatedBy, DateAdded) values (41, 'Hoeger Inc', 96, '18:29:00');
insert into Groups (GroupID, GroupName, CreatedBy, DateAdded) values (42, 'Bayer-Jones', 69, '1:43:23');
insert into Groups (GroupID, GroupName, CreatedBy, DateAdded) values (43, 'Kilback-Schmitt', 85, '21:43:21');
insert into Groups (GroupID, GroupName, CreatedBy, DateAdded) values (44, 'Kerluke LLC', 12, '19:34:02');
insert into Groups (GroupID, GroupName, CreatedBy, DateAdded) values (45, 'Will, Schiller and Jenkins', 72, '16:15:21');
insert into Groups (GroupID, GroupName, CreatedBy, DateAdded) values (46, 'Balistreri-Johns', 64, '13:17:37');
insert into Groups (GroupID, GroupName, CreatedBy, DateAdded) values (47, 'Collins Inc', 89, '21:06:30');
insert into Groups (GroupID, GroupName, CreatedBy, DateAdded) values (48, 'Pagac Inc', 58, '10:28:40');
insert into Groups (GroupID, GroupName, CreatedBy, DateAdded) values (49, 'Dare-Turcotte', 83, '20:57:13');
insert into Groups (GroupID, GroupName, CreatedBy, DateAdded) values (50, 'Dach-Cruickshank', 56, '5:28:24');
insert into Groups (GroupID, GroupName, CreatedBy, DateAdded) values (51, 'Hickle LLC', 73, '5:31:26');
insert into Groups (GroupID, GroupName, CreatedBy, DateAdded) values (52, 'Paucek Group', 57, '5:11:22');
insert into Groups (GroupID, GroupName, CreatedBy, DateAdded) values (53, 'Deckow-Bernier', 3, '5:19:44');
insert into Groups (GroupID, GroupName, CreatedBy, DateAdded) values (54, 'Fisher, Howell and Ferry', 25, '15:37:58');
insert into Groups (GroupID, GroupName, CreatedBy, DateAdded) values (55, 'Douglas-Wyman', 23, '14:44:24');
insert into Groups (GroupID, GroupName, CreatedBy, DateAdded) values (56, 'Terry-Kunze', 28, '5:46:21');
insert into Groups (GroupID, GroupName, CreatedBy, DateAdded) values (57, 'Nicolas-Hickle', 38, '5:53:47');
insert into Groups (GroupID, GroupName, CreatedBy, DateAdded) values (58, 'Bailey, Lind and Reichert', 33, '13:18:17');
insert into Groups (GroupID, GroupName, CreatedBy, DateAdded) values (59, 'Champlin, Bogisich and Frami', 83, '21:00:35');
insert into Groups (GroupID, GroupName, CreatedBy, DateAdded) values (60, 'Cummerata and Sons', 2, '22:32:33');
insert into Groups (GroupID, GroupName, CreatedBy, DateAdded) values (61, 'Huels-Boyle', 93, '12:19:58');
insert into Groups (GroupID, GroupName, CreatedBy, DateAdded) values (62, 'Sanford-Rath', 69, '12:53:54');
insert into Groups (GroupID, GroupName, CreatedBy, DateAdded) values (63, 'Jerde-Terry', 94, '9:01:56');
insert into Groups (GroupID, GroupName, CreatedBy, DateAdded) values (64, 'Barton-Emmerich', 20, '10:21:45');
insert into Groups (GroupID, GroupName, CreatedBy, DateAdded) values (65, 'Roberts-Beier', 34, '6:45:28');
insert into Groups (GroupID, GroupName, CreatedBy, DateAdded) values (66, 'Corkery Group', 24, '22:10:54');
insert into Groups (GroupID, GroupName, CreatedBy, DateAdded) values (67, 'Turner-Block', 78, '16:37:26');
insert into Groups (GroupID, GroupName, CreatedBy, DateAdded) values (68, 'Kerluke, Maggio and Aufderhar', 96, '3:05:22');
insert into Groups (GroupID, GroupName, CreatedBy, DateAdded) values (69, 'Haley-Konopelski', 58, '7:10:49');
insert into Groups (GroupID, GroupName, CreatedBy, DateAdded) values (70, 'Considine LLC', 27, '5:18:52');
insert into Groups (GroupID, GroupName, CreatedBy, DateAdded) values (71, 'Green and Sons', 54, '13:17:13');
insert into Groups (GroupID, GroupName, CreatedBy, DateAdded) values (72, 'Cummerata and Sons', 88, '21:02:49');
insert into Groups (GroupID, GroupName, CreatedBy, DateAdded) values (73, 'Howell-Reynolds', 36, '4:38:18');
insert into Groups (GroupID, GroupName, CreatedBy, DateAdded) values (74, 'Kovacek and Sons', 26, '11:35:32');
insert into Groups (GroupID, GroupName, CreatedBy, DateAdded) values (75, 'Keebler and Sons', 15, '17:20:13');
insert into Groups (GroupID, GroupName, CreatedBy, DateAdded) values (76, 'Schaden, Krajcik and Abshire', 12, '0:08:00');
insert into Groups (GroupID, GroupName, CreatedBy, DateAdded) values (77, 'McCullough Group', 93, '12:56:37');
insert into Groups (GroupID, GroupName, CreatedBy, DateAdded) values (78, 'Tremblay-Price', 8, '21:49:48');
insert into Groups (GroupID, GroupName, CreatedBy, DateAdded) values (79, 'Rohan-Maggio', 18, '13:38:45');
insert into Groups (GroupID, GroupName, CreatedBy, DateAdded) values (80, 'Nader, O''Keefe and Little', 77, '19:45:46');
insert into Groups (GroupID, GroupName, CreatedBy, DateAdded) values (81, 'Torp Group', 43, '13:39:20');
insert into Groups (GroupID, GroupName, CreatedBy, DateAdded) values (82, 'Nolan Inc', 80, '16:19:12');
insert into Groups (GroupID, GroupName, CreatedBy, DateAdded) values (83, 'Gleason LLC', 82, '5:12:07');
insert into Groups (GroupID, GroupName, CreatedBy, DateAdded) values (84, 'Gusikowski Group', 79, '16:20:02');
insert into Groups (GroupID, GroupName, CreatedBy, DateAdded) values (85, 'Dicki LLC', 87, '1:49:56');
insert into Groups (GroupID, GroupName, CreatedBy, DateAdded) values (86, 'Ruecker, Kiehn and Fadel', 12, '5:44:03');
insert into Groups (GroupID, GroupName, CreatedBy, DateAdded) values (87, 'Brakus-Borer', 38, '23:39:44');
insert into Groups (GroupID, GroupName, CreatedBy, DateAdded) values (88, 'Kling, Mertz and Rogahn', 63, '8:45:27');
insert into Groups (GroupID, GroupName, CreatedBy, DateAdded) values (89, 'Farrell-Hickle', 83, '21:40:59');
insert into Groups (GroupID, GroupName, CreatedBy, DateAdded) values (90, 'Cummings, Wiegand and Wuckert', 58, '5:10:24');
insert into Groups (GroupID, GroupName, CreatedBy, DateAdded) values (91, 'Schmitt, Toy and Watsica', 74, '11:36:29');
insert into Groups (GroupID, GroupName, CreatedBy, DateAdded) values (92, 'Quitzon-Heller', 91, '15:20:20');
insert into Groups (GroupID, GroupName, CreatedBy, DateAdded) values (93, 'Fritsch LLC', 51, '16:26:26');
insert into Groups (GroupID, GroupName, CreatedBy, DateAdded) values (94, 'Murazik-Littel', 74, '14:56:23');
insert into Groups (GroupID, GroupName, CreatedBy, DateAdded) values (95, 'Anderson, Murphy and Schoen', 37, '22:33:55');
insert into Groups (GroupID, GroupName, CreatedBy, DateAdded) values (96, 'Frami-Rice', 79, '15:32:29');
insert into Groups (GroupID, GroupName, CreatedBy, DateAdded) values (97, 'Spinka LLC', 96, '11:48:51');
insert into Groups (GroupID, GroupName, CreatedBy, DateAdded) values (98, 'Cronin-Dare', 2, '22:03:02');
insert into Groups (GroupID, GroupName, CreatedBy, DateAdded) values (99, 'Kovacek, Doyle and Bruen', 55, '5:56:18');
insert into Groups (GroupID, GroupName, CreatedBy, DateAdded) values (100, 'Jacobs Inc', 63, '7:04:49');


insert into GroupMembershipRequests (GroupMemberShipRequestsID, GroupID, GroupMemberUserID, IsGroupMemberShipAccepted, DateAccepted) values (1, 71, 84, false, '8:46:40');
insert into GroupMembershipRequests (GroupMemberShipRequestsID, GroupID, GroupMemberUserID, IsGroupMemberShipAccepted, DateAccepted) values (2, 63, 41, false, '4:16:34');
insert into GroupMembershipRequests (GroupMemberShipRequestsID, GroupID, GroupMemberUserID, IsGroupMemberShipAccepted, DateAccepted) values (3, 17, 71, true, '3:43:29');
insert into GroupMembershipRequests (GroupMemberShipRequestsID, GroupID, GroupMemberUserID, IsGroupMemberShipAccepted, DateAccepted) values (4, 10, 2, false, '18:04:11');
insert into GroupMembershipRequests (GroupMemberShipRequestsID, GroupID, GroupMemberUserID, IsGroupMemberShipAccepted, DateAccepted) values (5, 91, 46, false, '20:23:14');
insert into GroupMembershipRequests (GroupMemberShipRequestsID, GroupID, GroupMemberUserID, IsGroupMemberShipAccepted, DateAccepted) values (6, 97, 20, false, '0:16:22');
insert into GroupMembershipRequests (GroupMemberShipRequestsID, GroupID, GroupMemberUserID, IsGroupMemberShipAccepted, DateAccepted) values (7, 44, 36, true, '12:52:41');
insert into GroupMembershipRequests (GroupMemberShipRequestsID, GroupID, GroupMemberUserID, IsGroupMemberShipAccepted, DateAccepted) values (8, 67, 80, true, '16:23:34');
insert into GroupMembershipRequests (GroupMemberShipRequestsID, GroupID, GroupMemberUserID, IsGroupMemberShipAccepted, DateAccepted) values (9, 9, 57, false, '12:26:32');
insert into GroupMembershipRequests (GroupMemberShipRequestsID, GroupID, GroupMemberUserID, IsGroupMemberShipAccepted, DateAccepted) values (10, 72, 91, true, '8:07:45');
insert into GroupMembershipRequests (GroupMemberShipRequestsID, GroupID, GroupMemberUserID, IsGroupMemberShipAccepted, DateAccepted) values (11, 75, 18, true, '17:40:39');
insert into GroupMembershipRequests (GroupMemberShipRequestsID, GroupID, GroupMemberUserID, IsGroupMemberShipAccepted, DateAccepted) values (12, 81, 31, true, '19:42:10');
insert into GroupMembershipRequests (GroupMemberShipRequestsID, GroupID, GroupMemberUserID, IsGroupMemberShipAccepted, DateAccepted) values (13, 59, 56, true, '9:01:46');
insert into GroupMembershipRequests (GroupMemberShipRequestsID, GroupID, GroupMemberUserID, IsGroupMemberShipAccepted, DateAccepted) values (14, 79, 73, true, '11:23:14');
insert into GroupMembershipRequests (GroupMemberShipRequestsID, GroupID, GroupMemberUserID, IsGroupMemberShipAccepted, DateAccepted) values (15, 67, 27, false, '14:31:03');
insert into GroupMembershipRequests (GroupMemberShipRequestsID, GroupID, GroupMemberUserID, IsGroupMemberShipAccepted, DateAccepted) values (16, 54, 66, false, '18:15:01');
insert into GroupMembershipRequests (GroupMemberShipRequestsID, GroupID, GroupMemberUserID, IsGroupMemberShipAccepted, DateAccepted) values (17, 3, 73, false, '7:57:47');
insert into GroupMembershipRequests (GroupMemberShipRequestsID, GroupID, GroupMemberUserID, IsGroupMemberShipAccepted, DateAccepted) values (18, 35, 55, false, '23:45:35');
insert into GroupMembershipRequests (GroupMemberShipRequestsID, GroupID, GroupMemberUserID, IsGroupMemberShipAccepted, DateAccepted) values (19, 28, 2, false, '13:31:24');
insert into GroupMembershipRequests (GroupMemberShipRequestsID, GroupID, GroupMemberUserID, IsGroupMemberShipAccepted, DateAccepted) values (20, 31, 71, true, '4:59:12');
insert into GroupMembershipRequests (GroupMemberShipRequestsID, GroupID, GroupMemberUserID, IsGroupMemberShipAccepted, DateAccepted) values (21, 86, 84, true, '8:03:21');
insert into GroupMembershipRequests (GroupMemberShipRequestsID, GroupID, GroupMemberUserID, IsGroupMemberShipAccepted, DateAccepted) values (22, 87, 56, false, '12:18:07');
insert into GroupMembershipRequests (GroupMemberShipRequestsID, GroupID, GroupMemberUserID, IsGroupMemberShipAccepted, DateAccepted) values (23, 21, 28, false, '4:20:27');
insert into GroupMembershipRequests (GroupMemberShipRequestsID, GroupID, GroupMemberUserID, IsGroupMemberShipAccepted, DateAccepted) values (24, 22, 67, false, '14:58:45');
insert into GroupMembershipRequests (GroupMemberShipRequestsID, GroupID, GroupMemberUserID, IsGroupMemberShipAccepted, DateAccepted) values (25, 98, 50, false, '1:48:28');
insert into GroupMembershipRequests (GroupMemberShipRequestsID, GroupID, GroupMemberUserID, IsGroupMemberShipAccepted, DateAccepted) values (26, 10, 44, false, '1:48:53');
insert into GroupMembershipRequests (GroupMemberShipRequestsID, GroupID, GroupMemberUserID, IsGroupMemberShipAccepted, DateAccepted) values (27, 100, 13, false, '1:14:52');
insert into GroupMembershipRequests (GroupMemberShipRequestsID, GroupID, GroupMemberUserID, IsGroupMemberShipAccepted, DateAccepted) values (28, 86, 97, false, '3:35:10');
insert into GroupMembershipRequests (GroupMemberShipRequestsID, GroupID, GroupMemberUserID, IsGroupMemberShipAccepted, DateAccepted) values (29, 93, 4, false, '3:32:21');
insert into GroupMembershipRequests (GroupMemberShipRequestsID, GroupID, GroupMemberUserID, IsGroupMemberShipAccepted, DateAccepted) values (30, 42, 68, false, '8:01:16');
insert into GroupMembershipRequests (GroupMemberShipRequestsID, GroupID, GroupMemberUserID, IsGroupMemberShipAccepted, DateAccepted) values (31, 57, 64, false, '8:30:34');
insert into GroupMembershipRequests (GroupMemberShipRequestsID, GroupID, GroupMemberUserID, IsGroupMemberShipAccepted, DateAccepted) values (32, 71, 84, true, '19:10:53');
insert into GroupMembershipRequests (GroupMemberShipRequestsID, GroupID, GroupMemberUserID, IsGroupMemberShipAccepted, DateAccepted) values (33, 9, 7, false, '13:50:18');
insert into GroupMembershipRequests (GroupMemberShipRequestsID, GroupID, GroupMemberUserID, IsGroupMemberShipAccepted, DateAccepted) values (34, 23, 53, true, '15:15:58');
insert into GroupMembershipRequests (GroupMemberShipRequestsID, GroupID, GroupMemberUserID, IsGroupMemberShipAccepted, DateAccepted) values (35, 80, 50, true, '7:32:58');
insert into GroupMembershipRequests (GroupMemberShipRequestsID, GroupID, GroupMemberUserID, IsGroupMemberShipAccepted, DateAccepted) values (36, 86, 66, false, '18:49:00');
insert into GroupMembershipRequests (GroupMemberShipRequestsID, GroupID, GroupMemberUserID, IsGroupMemberShipAccepted, DateAccepted) values (37, 88, 43, true, '23:11:39');
insert into GroupMembershipRequests (GroupMemberShipRequestsID, GroupID, GroupMemberUserID, IsGroupMemberShipAccepted, DateAccepted) values (38, 13, 54, false, '19:17:00');
insert into GroupMembershipRequests (GroupMemberShipRequestsID, GroupID, GroupMemberUserID, IsGroupMemberShipAccepted, DateAccepted) values (39, 50, 33, true, '21:26:39');
insert into GroupMembershipRequests (GroupMemberShipRequestsID, GroupID, GroupMemberUserID, IsGroupMemberShipAccepted, DateAccepted) values (40, 73, 21, false, '20:22:08');
insert into GroupMembershipRequests (GroupMemberShipRequestsID, GroupID, GroupMemberUserID, IsGroupMemberShipAccepted, DateAccepted) values (41, 41, 12, true, '2:20:50');
insert into GroupMembershipRequests (GroupMemberShipRequestsID, GroupID, GroupMemberUserID, IsGroupMemberShipAccepted, DateAccepted) values (42, 66, 99, true, '21:52:13');
insert into GroupMembershipRequests (GroupMemberShipRequestsID, GroupID, GroupMemberUserID, IsGroupMemberShipAccepted, DateAccepted) values (43, 51, 88, false, '2:13:10');
insert into GroupMembershipRequests (GroupMemberShipRequestsID, GroupID, GroupMemberUserID, IsGroupMemberShipAccepted, DateAccepted) values (44, 84, 35, true, '6:03:46');
insert into GroupMembershipRequests (GroupMemberShipRequestsID, GroupID, GroupMemberUserID, IsGroupMemberShipAccepted, DateAccepted) values (45, 13, 55, false, '22:47:02');
insert into GroupMembershipRequests (GroupMemberShipRequestsID, GroupID, GroupMemberUserID, IsGroupMemberShipAccepted, DateAccepted) values (46, 62, 71, true, '8:07:33');
insert into GroupMembershipRequests (GroupMemberShipRequestsID, GroupID, GroupMemberUserID, IsGroupMemberShipAccepted, DateAccepted) values (47, 87, 97, false, '17:41:02');
insert into GroupMembershipRequests (GroupMemberShipRequestsID, GroupID, GroupMemberUserID, IsGroupMemberShipAccepted, DateAccepted) values (48, 63, 8, true, '18:33:04');
insert into GroupMembershipRequests (GroupMemberShipRequestsID, GroupID, GroupMemberUserID, IsGroupMemberShipAccepted, DateAccepted) values (49, 75, 39, true, '11:04:45');
insert into GroupMembershipRequests (GroupMemberShipRequestsID, GroupID, GroupMemberUserID, IsGroupMemberShipAccepted, DateAccepted) values (50, 31, 43, true, '8:45:07');
insert into GroupMembershipRequests (GroupMemberShipRequestsID, GroupID, GroupMemberUserID, IsGroupMemberShipAccepted, DateAccepted) values (51, 4, 96, false, '16:20:31');
insert into GroupMembershipRequests (GroupMemberShipRequestsID, GroupID, GroupMemberUserID, IsGroupMemberShipAccepted, DateAccepted) values (52, 9, 57, false, '6:05:12');
insert into GroupMembershipRequests (GroupMemberShipRequestsID, GroupID, GroupMemberUserID, IsGroupMemberShipAccepted, DateAccepted) values (53, 30, 53, false, '23:22:31');
insert into GroupMembershipRequests (GroupMemberShipRequestsID, GroupID, GroupMemberUserID, IsGroupMemberShipAccepted, DateAccepted) values (54, 65, 44, false, '8:35:54');
insert into GroupMembershipRequests (GroupMemberShipRequestsID, GroupID, GroupMemberUserID, IsGroupMemberShipAccepted, DateAccepted) values (55, 98, 76, true, '13:02:10');
insert into GroupMembershipRequests (GroupMemberShipRequestsID, GroupID, GroupMemberUserID, IsGroupMemberShipAccepted, DateAccepted) values (56, 22, 65, true, '20:12:09');
insert into GroupMembershipRequests (GroupMemberShipRequestsID, GroupID, GroupMemberUserID, IsGroupMemberShipAccepted, DateAccepted) values (57, 80, 23, false, '10:54:35');
insert into GroupMembershipRequests (GroupMemberShipRequestsID, GroupID, GroupMemberUserID, IsGroupMemberShipAccepted, DateAccepted) values (58, 86, 12, false, '13:15:56');
insert into GroupMembershipRequests (GroupMemberShipRequestsID, GroupID, GroupMemberUserID, IsGroupMemberShipAccepted, DateAccepted) values (59, 92, 88, true, '1:03:32');
insert into GroupMembershipRequests (GroupMemberShipRequestsID, GroupID, GroupMemberUserID, IsGroupMemberShipAccepted, DateAccepted) values (60, 19, 60, false, '11:29:43');
insert into GroupMembershipRequests (GroupMemberShipRequestsID, GroupID, GroupMemberUserID, IsGroupMemberShipAccepted, DateAccepted) values (61, 13, 84, false, '20:57:35');
insert into GroupMembershipRequests (GroupMemberShipRequestsID, GroupID, GroupMemberUserID, IsGroupMemberShipAccepted, DateAccepted) values (62, 68, 63, true, '8:27:08');
insert into GroupMembershipRequests (GroupMemberShipRequestsID, GroupID, GroupMemberUserID, IsGroupMemberShipAccepted, DateAccepted) values (63, 100, 40, false, '0:27:27');
insert into GroupMembershipRequests (GroupMemberShipRequestsID, GroupID, GroupMemberUserID, IsGroupMemberShipAccepted, DateAccepted) values (64, 64, 75, true, '7:19:04');
insert into GroupMembershipRequests (GroupMemberShipRequestsID, GroupID, GroupMemberUserID, IsGroupMemberShipAccepted, DateAccepted) values (65, 14, 35, true, '3:19:38');
insert into GroupMembershipRequests (GroupMemberShipRequestsID, GroupID, GroupMemberUserID, IsGroupMemberShipAccepted, DateAccepted) values (66, 94, 89, true, '18:08:04');
insert into GroupMembershipRequests (GroupMemberShipRequestsID, GroupID, GroupMemberUserID, IsGroupMemberShipAccepted, DateAccepted) values (67, 32, 52, false, '11:53:28');
insert into GroupMembershipRequests (GroupMemberShipRequestsID, GroupID, GroupMemberUserID, IsGroupMemberShipAccepted, DateAccepted) values (68, 3, 29, true, '3:28:09');
insert into GroupMembershipRequests (GroupMemberShipRequestsID, GroupID, GroupMemberUserID, IsGroupMemberShipAccepted, DateAccepted) values (69, 52, 42, false, '14:31:34');
insert into GroupMembershipRequests (GroupMemberShipRequestsID, GroupID, GroupMemberUserID, IsGroupMemberShipAccepted, DateAccepted) values (70, 87, 59, false, '1:13:36');
insert into GroupMembershipRequests (GroupMemberShipRequestsID, GroupID, GroupMemberUserID, IsGroupMemberShipAccepted, DateAccepted) values (71, 76, 91, true, '1:05:06');
insert into GroupMembershipRequests (GroupMemberShipRequestsID, GroupID, GroupMemberUserID, IsGroupMemberShipAccepted, DateAccepted) values (72, 69, 58, false, '22:00:12');
insert into GroupMembershipRequests (GroupMemberShipRequestsID, GroupID, GroupMemberUserID, IsGroupMemberShipAccepted, DateAccepted) values (73, 35, 45, false, '2:50:05');
insert into GroupMembershipRequests (GroupMemberShipRequestsID, GroupID, GroupMemberUserID, IsGroupMemberShipAccepted, DateAccepted) values (74, 31, 37, true, '9:00:32');
insert into GroupMembershipRequests (GroupMemberShipRequestsID, GroupID, GroupMemberUserID, IsGroupMemberShipAccepted, DateAccepted) values (75, 36, 43, true, '10:27:12');
insert into GroupMembershipRequests (GroupMemberShipRequestsID, GroupID, GroupMemberUserID, IsGroupMemberShipAccepted, DateAccepted) values (76, 48, 3, false, '12:22:37');
insert into GroupMembershipRequests (GroupMemberShipRequestsID, GroupID, GroupMemberUserID, IsGroupMemberShipAccepted, DateAccepted) values (77, 31, 21, false, '9:56:43');
insert into GroupMembershipRequests (GroupMemberShipRequestsID, GroupID, GroupMemberUserID, IsGroupMemberShipAccepted, DateAccepted) values (78, 38, 39, true, '12:17:49');
insert into GroupMembershipRequests (GroupMemberShipRequestsID, GroupID, GroupMemberUserID, IsGroupMemberShipAccepted, DateAccepted) values (79, 82, 84, false, '14:31:22');
insert into GroupMembershipRequests (GroupMemberShipRequestsID, GroupID, GroupMemberUserID, IsGroupMemberShipAccepted, DateAccepted) values (80, 2, 59, false, '10:39:41');
insert into GroupMembershipRequests (GroupMemberShipRequestsID, GroupID, GroupMemberUserID, IsGroupMemberShipAccepted, DateAccepted) values (81, 64, 13, true, '1:39:59');
insert into GroupMembershipRequests (GroupMemberShipRequestsID, GroupID, GroupMemberUserID, IsGroupMemberShipAccepted, DateAccepted) values (82, 79, 75, false, '14:15:45');
insert into GroupMembershipRequests (GroupMemberShipRequestsID, GroupID, GroupMemberUserID, IsGroupMemberShipAccepted, DateAccepted) values (83, 58, 19, true, '22:37:04');
insert into GroupMembershipRequests (GroupMemberShipRequestsID, GroupID, GroupMemberUserID, IsGroupMemberShipAccepted, DateAccepted) values (84, 86, 72, true, '19:31:55');
insert into GroupMembershipRequests (GroupMemberShipRequestsID, GroupID, GroupMemberUserID, IsGroupMemberShipAccepted, DateAccepted) values (85, 46, 73, false, '13:19:50');
insert into GroupMembershipRequests (GroupMemberShipRequestsID, GroupID, GroupMemberUserID, IsGroupMemberShipAccepted, DateAccepted) values (86, 8, 52, false, '2:13:49');
insert into GroupMembershipRequests (GroupMemberShipRequestsID, GroupID, GroupMemberUserID, IsGroupMemberShipAccepted, DateAccepted) values (87, 38, 29, true, '15:01:09');
insert into GroupMembershipRequests (GroupMemberShipRequestsID, GroupID, GroupMemberUserID, IsGroupMemberShipAccepted, DateAccepted) values (88, 50, 83, true, '8:57:18');
insert into GroupMembershipRequests (GroupMemberShipRequestsID, GroupID, GroupMemberUserID, IsGroupMemberShipAccepted, DateAccepted) values (89, 75, 97, false, '2:00:55');
insert into GroupMembershipRequests (GroupMemberShipRequestsID, GroupID, GroupMemberUserID, IsGroupMemberShipAccepted, DateAccepted) values (90, 9, 76, true, '4:29:19');
insert into GroupMembershipRequests (GroupMemberShipRequestsID, GroupID, GroupMemberUserID, IsGroupMemberShipAccepted, DateAccepted) values (91, 39, 33, true, '7:30:57');
insert into GroupMembershipRequests (GroupMemberShipRequestsID, GroupID, GroupMemberUserID, IsGroupMemberShipAccepted, DateAccepted) values (92, 97, 92, true, '14:56:37');
insert into GroupMembershipRequests (GroupMemberShipRequestsID, GroupID, GroupMemberUserID, IsGroupMemberShipAccepted, DateAccepted) values (93, 44, 82, true, '18:22:58');
insert into GroupMembershipRequests (GroupMemberShipRequestsID, GroupID, GroupMemberUserID, IsGroupMemberShipAccepted, DateAccepted) values (94, 24, 32, true, '22:38:07');
insert into GroupMembershipRequests (GroupMemberShipRequestsID, GroupID, GroupMemberUserID, IsGroupMemberShipAccepted, DateAccepted) values (95, 75, 64, true, '0:56:10');
insert into GroupMembershipRequests (GroupMemberShipRequestsID, GroupID, GroupMemberUserID, IsGroupMemberShipAccepted, DateAccepted) values (96, 11, 34, true, '18:50:15');
insert into GroupMembershipRequests (GroupMemberShipRequestsID, GroupID, GroupMemberUserID, IsGroupMemberShipAccepted, DateAccepted) values (97, 74, 39, false, '9:20:22');
insert into GroupMembershipRequests (GroupMemberShipRequestsID, GroupID, GroupMemberUserID, IsGroupMemberShipAccepted, DateAccepted) values (98, 53, 69, false, '5:47:44');
insert into GroupMembershipRequests (GroupMemberShipRequestsID, GroupID, GroupMemberUserID, IsGroupMemberShipAccepted, DateAccepted) values (99, 20, 48, true, '4:09:30');
insert into GroupMembershipRequests (GroupMemberShipRequestsID, GroupID, GroupMemberUserID, IsGroupMemberShipAccepted, DateAccepted) values (100, 91, 88, true, '16:32:37');


insert into Posts (PostID, PostDescription, PostedBy, IsPublic, IsOnlyForFriends, GroupID, DatePosted) values (1, 'Duis bibendum. Morbi non quam nec dui luctus rutrum. Nulla tellus.

In sagittis dui vel nisl. Duis ac nibh. Fusce lacus purus, aliquet at, feugiat non, pretium quis, lectus.', 86, false, true, 36, '14:52:48');
insert into Posts (PostID, PostDescription, PostedBy, IsPublic, IsOnlyForFriends, GroupID, DatePosted) values (2, 'Proin interdum mauris non ligula pellentesque ultrices. Phasellus id sapien in sapien iaculis congue. Vivamus metus arcu, adipiscing molestie, hendrerit at, vulputate vitae, nisl.

Aenean lectus. Pellentesque eget nunc. Donec quis orci eget orci vehicula condimentum.

Curabitur in libero ut massa volutpat convallis. Morbi odio odio, elementum eu, interdum eu, tincidunt in, leo. Maecenas pulvinar lobortis est.', 22, false, true, 4, '19:39:05');
insert into Posts (PostID, PostDescription, PostedBy, IsPublic, IsOnlyForFriends, GroupID, DatePosted) values (3, 'Cum sociis natoque penatibus et magnis dis parturient montes, nascetur ridiculus mus. Vivamus vestibulum sagittis sapien. Cum sociis natoque penatibus et magnis dis parturient montes, nascetur ridiculus mus.', 43, false, false, 79, '4:21:44');
insert into Posts (PostID, PostDescription, PostedBy, IsPublic, IsOnlyForFriends, GroupID, DatePosted) values (4, 'Maecenas leo odio, condimentum id, luctus nec, molestie sed, justo. Pellentesque viverra pede ac diam. Cras pellentesque volutpat dui.

Maecenas tristique, est et tempus semper, est quam pharetra magna, ac consequat metus sapien ut nunc. Vestibulum ante ipsum primis in faucibus orci luctus et ultrices posuere cubilia Curae; Mauris viverra diam vitae quam. Suspendisse potenti.

Nullam porttitor lacus at turpis. Donec posuere metus vitae ipsum. Aliquam non mauris.', 73, false, true, 68, '5:21:00');
insert into Posts (PostID, PostDescription, PostedBy, IsPublic, IsOnlyForFriends, GroupID, DatePosted) values (5, 'Aliquam quis turpis eget elit sodales scelerisque. Mauris sit amet eros. Suspendisse accumsan tortor quis turpis.

Sed ante. Vivamus tortor. Duis mattis egestas metus.', 71, true, true, 12, '1:08:14');
insert into Posts (PostID, PostDescription, PostedBy, IsPublic, IsOnlyForFriends, GroupID, DatePosted) values (6, 'Mauris enim leo, rhoncus sed, vestibulum sit amet, cursus id, turpis. Integer aliquet, massa id lobortis convallis, tortor risus dapibus augue, vel accumsan tellus nisi eu orci. Mauris lacinia sapien quis libero.

Nullam sit amet turpis elementum ligula vehicula consequat. Morbi a ipsum. Integer a nibh.

In quis justo. Maecenas rhoncus aliquam lacus. Morbi quis tortor id nulla ultrices aliquet.', 29, true, true, 58, '9:48:32');
insert into Posts (PostID, PostDescription, PostedBy, IsPublic, IsOnlyForFriends, GroupID, DatePosted) values (7, 'Proin leo odio, porttitor id, consequat in, consequat ut, nulla. Sed accumsan felis. Ut at dolor quis odio consequat varius.

Integer ac leo. Pellentesque ultrices mattis odio. Donec vitae nisi.

Nam ultrices, libero non mattis pulvinar, nulla pede ullamcorper augue, a suscipit nulla elit ac nulla. Sed vel enim sit amet nunc viverra dapibus. Nulla suscipit ligula in lacus.', 52, true, false, 6, '10:18:07');
insert into Posts (PostID, PostDescription, PostedBy, IsPublic, IsOnlyForFriends, GroupID, DatePosted) values (8, 'Maecenas tristique, est et tempus semper, est quam pharetra magna, ac consequat metus sapien ut nunc. Vestibulum ante ipsum primis in faucibus orci luctus et ultrices posuere cubilia Curae; Mauris viverra diam vitae quam. Suspendisse potenti.', 85, true, false, 99, '22:29:23');
insert into Posts (PostID, PostDescription, PostedBy, IsPublic, IsOnlyForFriends, GroupID, DatePosted) values (9, 'Fusce posuere felis sed lacus. Morbi sem mauris, laoreet ut, rhoncus aliquet, pulvinar sed, nisl. Nunc rhoncus dui vel sem.

Sed sagittis. Nam congue, risus semper porta volutpat, quam pede lobortis ligula, sit amet eleifend pede libero quis orci. Nullam molestie nibh in lectus.

Pellentesque at nulla. Suspendisse potenti. Cras in purus eu magna vulputate luctus.', 55, true, false, 73, '2:29:55');
insert into Posts (PostID, PostDescription, PostedBy, IsPublic, IsOnlyForFriends, GroupID, DatePosted) values (10, 'Duis bibendum. Morbi non quam nec dui luctus rutrum. Nulla tellus.

In sagittis dui vel nisl. Duis ac nibh. Fusce lacus purus, aliquet at, feugiat non, pretium quis, lectus.', 48, false, false, 34, '12:13:53');
insert into Posts (PostID, PostDescription, PostedBy, IsPublic, IsOnlyForFriends, GroupID, DatePosted) values (11, 'Maecenas leo odio, condimentum id, luctus nec, molestie sed, justo. Pellentesque viverra pede ac diam. Cras pellentesque volutpat dui.

Maecenas tristique, est et tempus semper, est quam pharetra magna, ac consequat metus sapien ut nunc. Vestibulum ante ipsum primis in faucibus orci luctus et ultrices posuere cubilia Curae; Mauris viverra diam vitae quam. Suspendisse potenti.', 67, true, false, 87, '16:30:46');
insert into Posts (PostID, PostDescription, PostedBy, IsPublic, IsOnlyForFriends, GroupID, DatePosted) values (12, 'Aliquam quis turpis eget elit sodales scelerisque. Mauris sit amet eros. Suspendisse accumsan tortor quis turpis.

Sed ante. Vivamus tortor. Duis mattis egestas metus.

Aenean fermentum. Donec ut mauris eget massa tempor convallis. Nulla neque libero, convallis eget, eleifend luctus, ultricies eu, nibh.', 55, true, false, 91, '3:08:24');
insert into Posts (PostID, PostDescription, PostedBy, IsPublic, IsOnlyForFriends, GroupID, DatePosted) values (13, 'Proin leo odio, porttitor id, consequat in, consequat ut, nulla. Sed accumsan felis. Ut at dolor quis odio consequat varius.

Integer ac leo. Pellentesque ultrices mattis odio. Donec vitae nisi.', 3, true, true, 25, '23:58:26');
insert into Posts (PostID, PostDescription, PostedBy, IsPublic, IsOnlyForFriends, GroupID, DatePosted) values (14, 'In sagittis dui vel nisl. Duis ac nibh. Fusce lacus purus, aliquet at, feugiat non, pretium quis, lectus.

Suspendisse potenti. In eleifend quam a odio. In hac habitasse platea dictumst.

Maecenas ut massa quis augue luctus tincidunt. Nulla mollis molestie lorem. Quisque ut erat.', 12, false, false, 37, '13:01:38');
insert into Posts (PostID, PostDescription, PostedBy, IsPublic, IsOnlyForFriends, GroupID, DatePosted) values (15, 'Quisque porta volutpat erat. Quisque erat eros, viverra eget, congue eget, semper rutrum, nulla. Nunc purus.

Phasellus in felis. Donec semper sapien a libero. Nam dui.

Proin leo odio, porttitor id, consequat in, consequat ut, nulla. Sed accumsan felis. Ut at dolor quis odio consequat varius.', 54, true, false, 90, '1:16:01');
insert into Posts (PostID, PostDescription, PostedBy, IsPublic, IsOnlyForFriends, GroupID, DatePosted) values (16, 'Maecenas tristique, est et tempus semper, est quam pharetra magna, ac consequat metus sapien ut nunc. Vestibulum ante ipsum primis in faucibus orci luctus et ultrices posuere cubilia Curae; Mauris viverra diam vitae quam. Suspendisse potenti.

Nullam porttitor lacus at turpis. Donec posuere metus vitae ipsum. Aliquam non mauris.

Morbi non lectus. Aliquam sit amet diam in magna bibendum imperdiet. Nullam orci pede, venenatis non, sodales sed, tincidunt eu, felis.', 91, false, false, 88, '8:25:56');
insert into Posts (PostID, PostDescription, PostedBy, IsPublic, IsOnlyForFriends, GroupID, DatePosted) values (17, 'Aenean lectus. Pellentesque eget nunc. Donec quis orci eget orci vehicula condimentum.

Curabitur in libero ut massa volutpat convallis. Morbi odio odio, elementum eu, interdum eu, tincidunt in, leo. Maecenas pulvinar lobortis est.', 77, true, true, 16, '20:29:28');
insert into Posts (PostID, PostDescription, PostedBy, IsPublic, IsOnlyForFriends, GroupID, DatePosted) values (18, 'Fusce consequat. Nulla nisl. Nunc nisl.

Duis bibendum, felis sed interdum venenatis, turpis enim blandit mi, in porttitor pede justo eu massa. Donec dapibus. Duis at velit eu est congue elementum.', 40, true, false, 59, '22:10:14');
insert into Posts (PostID, PostDescription, PostedBy, IsPublic, IsOnlyForFriends, GroupID, DatePosted) values (19, 'Maecenas tristique, est et tempus semper, est quam pharetra magna, ac consequat metus sapien ut nunc. Vestibulum ante ipsum primis in faucibus orci luctus et ultrices posuere cubilia Curae; Mauris viverra diam vitae quam. Suspendisse potenti.

Nullam porttitor lacus at turpis. Donec posuere metus vitae ipsum. Aliquam non mauris.

Morbi non lectus. Aliquam sit amet diam in magna bibendum imperdiet. Nullam orci pede, venenatis non, sodales sed, tincidunt eu, felis.', 29, false, false, 62, '3:25:11');
insert into Posts (PostID, PostDescription, PostedBy, IsPublic, IsOnlyForFriends, GroupID, DatePosted) values (20, 'Sed ante. Vivamus tortor. Duis mattis egestas metus.

Aenean fermentum. Donec ut mauris eget massa tempor convallis. Nulla neque libero, convallis eget, eleifend luctus, ultricies eu, nibh.

Quisque id justo sit amet sapien dignissim vestibulum. Vestibulum ante ipsum primis in faucibus orci luctus et ultrices posuere cubilia Curae; Nulla dapibus dolor vel est. Donec odio justo, sollicitudin ut, suscipit a, feugiat et, eros.', 85, true, true, 12, '12:22:59');
insert into Posts (PostID, PostDescription, PostedBy, IsPublic, IsOnlyForFriends, GroupID, DatePosted) values (21, 'Vestibulum quam sapien, varius ut, blandit non, interdum in, ante. Vestibulum ante ipsum primis in faucibus orci luctus et ultrices posuere cubilia Curae; Duis faucibus accumsan odio. Curabitur convallis.

Duis consequat dui nec nisi volutpat eleifend. Donec ut dolor. Morbi vel lectus in quam fringilla rhoncus.', 99, true, false, 31, '11:36:37');
insert into Posts (PostID, PostDescription, PostedBy, IsPublic, IsOnlyForFriends, GroupID, DatePosted) values (22, 'Aliquam quis turpis eget elit sodales scelerisque. Mauris sit amet eros. Suspendisse accumsan tortor quis turpis.

Sed ante. Vivamus tortor. Duis mattis egestas metus.

Aenean fermentum. Donec ut mauris eget massa tempor convallis. Nulla neque libero, convallis eget, eleifend luctus, ultricies eu, nibh.', 16, true, false, 29, '2:15:06');
insert into Posts (PostID, PostDescription, PostedBy, IsPublic, IsOnlyForFriends, GroupID, DatePosted) values (23, 'Curabitur at ipsum ac tellus semper interdum. Mauris ullamcorper purus sit amet nulla. Quisque arcu libero, rutrum ac, lobortis vel, dapibus at, diam.', 63, true, true, 61, '10:14:20');
insert into Posts (PostID, PostDescription, PostedBy, IsPublic, IsOnlyForFriends, GroupID, DatePosted) values (24, 'Phasellus sit amet erat. Nulla tempus. Vivamus in felis eu sapien cursus vestibulum.', 5, true, true, 86, '4:30:44');
insert into Posts (PostID, PostDescription, PostedBy, IsPublic, IsOnlyForFriends, GroupID, DatePosted) values (25, 'Maecenas ut massa quis augue luctus tincidunt. Nulla mollis molestie lorem. Quisque ut erat.', 12, false, false, 25, '7:05:44');
insert into Posts (PostID, PostDescription, PostedBy, IsPublic, IsOnlyForFriends, GroupID, DatePosted) values (26, 'In congue. Etiam justo. Etiam pretium iaculis justo.', 63, true, true, 29, '18:10:34');
insert into Posts (PostID, PostDescription, PostedBy, IsPublic, IsOnlyForFriends, GroupID, DatePosted) values (27, 'Morbi porttitor lorem id ligula. Suspendisse ornare consequat lectus. In est risus, auctor sed, tristique in, tempus sit amet, sem.', 91, false, true, 35, '17:50:01');
insert into Posts (PostID, PostDescription, PostedBy, IsPublic, IsOnlyForFriends, GroupID, DatePosted) values (28, 'In quis justo. Maecenas rhoncus aliquam lacus. Morbi quis tortor id nulla ultrices aliquet.

Maecenas leo odio, condimentum id, luctus nec, molestie sed, justo. Pellentesque viverra pede ac diam. Cras pellentesque volutpat dui.

Maecenas tristique, est et tempus semper, est quam pharetra magna, ac consequat metus sapien ut nunc. Vestibulum ante ipsum primis in faucibus orci luctus et ultrices posuere cubilia Curae; Mauris viverra diam vitae quam. Suspendisse potenti.', 53, false, true, 47, '17:43:18');
insert into Posts (PostID, PostDescription, PostedBy, IsPublic, IsOnlyForFriends, GroupID, DatePosted) values (29, 'Maecenas leo odio, condimentum id, luctus nec, molestie sed, justo. Pellentesque viverra pede ac diam. Cras pellentesque volutpat dui.', 84, false, true, 66, '19:03:52');
insert into Posts (PostID, PostDescription, PostedBy, IsPublic, IsOnlyForFriends, GroupID, DatePosted) values (30, 'Maecenas ut massa quis augue luctus tincidunt. Nulla mollis molestie lorem. Quisque ut erat.

Curabitur gravida nisi at nibh. In hac habitasse platea dictumst. Aliquam augue quam, sollicitudin vitae, consectetuer eget, rutrum at, lorem.', 54, true, false, 28, '15:57:02');
insert into Posts (PostID, PostDescription, PostedBy, IsPublic, IsOnlyForFriends, GroupID, DatePosted) values (31, 'Vestibulum quam sapien, varius ut, blandit non, interdum in, ante. Vestibulum ante ipsum primis in faucibus orci luctus et ultrices posuere cubilia Curae; Duis faucibus accumsan odio. Curabitur convallis.

Duis consequat dui nec nisi volutpat eleifend. Donec ut dolor. Morbi vel lectus in quam fringilla rhoncus.', 33, true, true, 41, '16:36:41');
insert into Posts (PostID, PostDescription, PostedBy, IsPublic, IsOnlyForFriends, GroupID, DatePosted) values (32, 'Morbi porttitor lorem id ligula. Suspendisse ornare consequat lectus. In est risus, auctor sed, tristique in, tempus sit amet, sem.

Fusce consequat. Nulla nisl. Nunc nisl.

Duis bibendum, felis sed interdum venenatis, turpis enim blandit mi, in porttitor pede justo eu massa. Donec dapibus. Duis at velit eu est congue elementum.', 100, true, false, 81, '21:12:51');
insert into Posts (PostID, PostDescription, PostedBy, IsPublic, IsOnlyForFriends, GroupID, DatePosted) values (33, 'Cras non velit nec nisi vulputate nonummy. Maecenas tincidunt lacus at velit. Vivamus vel nulla eget eros elementum pellentesque.

Quisque porta volutpat erat. Quisque erat eros, viverra eget, congue eget, semper rutrum, nulla. Nunc purus.', 81, true, true, 51, '9:59:37');
insert into Posts (PostID, PostDescription, PostedBy, IsPublic, IsOnlyForFriends, GroupID, DatePosted) values (34, 'Cras mi pede, malesuada in, imperdiet et, commodo vulputate, justo. In blandit ultrices enim. Lorem ipsum dolor sit amet, consectetuer adipiscing elit.', 35, true, true, 42, '11:14:16');
insert into Posts (PostID, PostDescription, PostedBy, IsPublic, IsOnlyForFriends, GroupID, DatePosted) values (35, 'Integer ac leo. Pellentesque ultrices mattis odio. Donec vitae nisi.', 29, true, true, 30, '16:51:50');
insert into Posts (PostID, PostDescription, PostedBy, IsPublic, IsOnlyForFriends, GroupID, DatePosted) values (36, 'Sed ante. Vivamus tortor. Duis mattis egestas metus.

Aenean fermentum. Donec ut mauris eget massa tempor convallis. Nulla neque libero, convallis eget, eleifend luctus, ultricies eu, nibh.', 48, false, false, 32, '13:36:06');
insert into Posts (PostID, PostDescription, PostedBy, IsPublic, IsOnlyForFriends, GroupID, DatePosted) values (37, 'Cras mi pede, malesuada in, imperdiet et, commodo vulputate, justo. In blandit ultrices enim. Lorem ipsum dolor sit amet, consectetuer adipiscing elit.

Proin interdum mauris non ligula pellentesque ultrices. Phasellus id sapien in sapien iaculis congue. Vivamus metus arcu, adipiscing molestie, hendrerit at, vulputate vitae, nisl.', 9, true, false, 38, '4:29:39');
insert into Posts (PostID, PostDescription, PostedBy, IsPublic, IsOnlyForFriends, GroupID, DatePosted) values (38, 'Aliquam quis turpis eget elit sodales scelerisque. Mauris sit amet eros. Suspendisse accumsan tortor quis turpis.

Sed ante. Vivamus tortor. Duis mattis egestas metus.

Aenean fermentum. Donec ut mauris eget massa tempor convallis. Nulla neque libero, convallis eget, eleifend luctus, ultricies eu, nibh.', 11, true, false, 90, '22:21:09');
insert into Posts (PostID, PostDescription, PostedBy, IsPublic, IsOnlyForFriends, GroupID, DatePosted) values (39, 'Curabitur gravida nisi at nibh. In hac habitasse platea dictumst. Aliquam augue quam, sollicitudin vitae, consectetuer eget, rutrum at, lorem.

Integer tincidunt ante vel ipsum. Praesent blandit lacinia erat. Vestibulum sed magna at nunc commodo placerat.', 66, false, false, 74, '20:56:00');
insert into Posts (PostID, PostDescription, PostedBy, IsPublic, IsOnlyForFriends, GroupID, DatePosted) values (40, 'Proin leo odio, porttitor id, consequat in, consequat ut, nulla. Sed accumsan felis. Ut at dolor quis odio consequat varius.

Integer ac leo. Pellentesque ultrices mattis odio. Donec vitae nisi.', 20, true, true, 71, '6:35:45');
insert into Posts (PostID, PostDescription, PostedBy, IsPublic, IsOnlyForFriends, GroupID, DatePosted) values (41, 'In sagittis dui vel nisl. Duis ac nibh. Fusce lacus purus, aliquet at, feugiat non, pretium quis, lectus.

Suspendisse potenti. In eleifend quam a odio. In hac habitasse platea dictumst.

Maecenas ut massa quis augue luctus tincidunt. Nulla mollis molestie lorem. Quisque ut erat.', 52, true, false, 78, '22:51:11');
insert into Posts (PostID, PostDescription, PostedBy, IsPublic, IsOnlyForFriends, GroupID, DatePosted) values (42, 'Nam ultrices, libero non mattis pulvinar, nulla pede ullamcorper augue, a suscipit nulla elit ac nulla. Sed vel enim sit amet nunc viverra dapibus. Nulla suscipit ligula in lacus.

Curabitur at ipsum ac tellus semper interdum. Mauris ullamcorper purus sit amet nulla. Quisque arcu libero, rutrum ac, lobortis vel, dapibus at, diam.', 11, true, false, 44, '21:55:51');
insert into Posts (PostID, PostDescription, PostedBy, IsPublic, IsOnlyForFriends, GroupID, DatePosted) values (43, 'Integer tincidunt ante vel ipsum. Praesent blandit lacinia erat. Vestibulum sed magna at nunc commodo placerat.

Praesent blandit. Nam nulla. Integer pede justo, lacinia eget, tincidunt eget, tempus vel, pede.

Morbi porttitor lorem id ligula. Suspendisse ornare consequat lectus. In est risus, auctor sed, tristique in, tempus sit amet, sem.', 97, true, false, 19, '0:44:18');
insert into Posts (PostID, PostDescription, PostedBy, IsPublic, IsOnlyForFriends, GroupID, DatePosted) values (44, 'Pellentesque at nulla. Suspendisse potenti. Cras in purus eu magna vulputate luctus.

Cum sociis natoque penatibus et magnis dis parturient montes, nascetur ridiculus mus. Vivamus vestibulum sagittis sapien. Cum sociis natoque penatibus et magnis dis parturient montes, nascetur ridiculus mus.

Etiam vel augue. Vestibulum rutrum rutrum neque. Aenean auctor gravida sem.', 7, false, false, 84, '13:17:18');
insert into Posts (PostID, PostDescription, PostedBy, IsPublic, IsOnlyForFriends, GroupID, DatePosted) values (45, 'Cras non velit nec nisi vulputate nonummy. Maecenas tincidunt lacus at velit. Vivamus vel nulla eget eros elementum pellentesque.

Quisque porta volutpat erat. Quisque erat eros, viverra eget, congue eget, semper rutrum, nulla. Nunc purus.

Phasellus in felis. Donec semper sapien a libero. Nam dui.', 34, true, true, 79, '9:06:40');
insert into Posts (PostID, PostDescription, PostedBy, IsPublic, IsOnlyForFriends, GroupID, DatePosted) values (46, 'Praesent id massa id nisl venenatis lacinia. Aenean sit amet justo. Morbi ut odio.

Cras mi pede, malesuada in, imperdiet et, commodo vulputate, justo. In blandit ultrices enim. Lorem ipsum dolor sit amet, consectetuer adipiscing elit.', 98, true, false, 69, '9:11:04');
insert into Posts (PostID, PostDescription, PostedBy, IsPublic, IsOnlyForFriends, GroupID, DatePosted) values (47, 'Quisque porta volutpat erat. Quisque erat eros, viverra eget, congue eget, semper rutrum, nulla. Nunc purus.', 3, true, false, 21, '20:48:08');
insert into Posts (PostID, PostDescription, PostedBy, IsPublic, IsOnlyForFriends, GroupID, DatePosted) values (48, 'Morbi porttitor lorem id ligula. Suspendisse ornare consequat lectus. In est risus, auctor sed, tristique in, tempus sit amet, sem.', 24, false, false, 48, '19:34:10');
insert into Posts (PostID, PostDescription, PostedBy, IsPublic, IsOnlyForFriends, GroupID, DatePosted) values (49, 'Cum sociis natoque penatibus et magnis dis parturient montes, nascetur ridiculus mus. Vivamus vestibulum sagittis sapien. Cum sociis natoque penatibus et magnis dis parturient montes, nascetur ridiculus mus.

Etiam vel augue. Vestibulum rutrum rutrum neque. Aenean auctor gravida sem.

Praesent id massa id nisl venenatis lacinia. Aenean sit amet justo. Morbi ut odio.', 46, false, true, 89, '3:20:53');
insert into Posts (PostID, PostDescription, PostedBy, IsPublic, IsOnlyForFriends, GroupID, DatePosted) values (50, 'Duis bibendum. Morbi non quam nec dui luctus rutrum. Nulla tellus.

In sagittis dui vel nisl. Duis ac nibh. Fusce lacus purus, aliquet at, feugiat non, pretium quis, lectus.

Suspendisse potenti. In eleifend quam a odio. In hac habitasse platea dictumst.', 65, true, true, 79, '19:49:43');
insert into Posts (PostID, PostDescription, PostedBy, IsPublic, IsOnlyForFriends, GroupID, DatePosted) values (51, 'Suspendisse potenti. In eleifend quam a odio. In hac habitasse platea dictumst.

Maecenas ut massa quis augue luctus tincidunt. Nulla mollis molestie lorem. Quisque ut erat.', 59, true, false, 63, '22:13:50');
insert into Posts (PostID, PostDescription, PostedBy, IsPublic, IsOnlyForFriends, GroupID, DatePosted) values (52, 'Praesent blandit. Nam nulla. Integer pede justo, lacinia eget, tincidunt eget, tempus vel, pede.', 76, false, false, 98, '3:11:28');
insert into Posts (PostID, PostDescription, PostedBy, IsPublic, IsOnlyForFriends, GroupID, DatePosted) values (53, 'Duis bibendum. Morbi non quam nec dui luctus rutrum. Nulla tellus.

In sagittis dui vel nisl. Duis ac nibh. Fusce lacus purus, aliquet at, feugiat non, pretium quis, lectus.

Suspendisse potenti. In eleifend quam a odio. In hac habitasse platea dictumst.', 82, false, false, 62, '4:20:13');
insert into Posts (PostID, PostDescription, PostedBy, IsPublic, IsOnlyForFriends, GroupID, DatePosted) values (54, 'Cras mi pede, malesuada in, imperdiet et, commodo vulputate, justo. In blandit ultrices enim. Lorem ipsum dolor sit amet, consectetuer adipiscing elit.

Proin interdum mauris non ligula pellentesque ultrices. Phasellus id sapien in sapien iaculis congue. Vivamus metus arcu, adipiscing molestie, hendrerit at, vulputate vitae, nisl.

Aenean lectus. Pellentesque eget nunc. Donec quis orci eget orci vehicula condimentum.', 70, true, false, 2, '2:53:21');
insert into Posts (PostID, PostDescription, PostedBy, IsPublic, IsOnlyForFriends, GroupID, DatePosted) values (55, 'Lorem ipsum dolor sit amet, consectetuer adipiscing elit. Proin risus. Praesent lectus.

Vestibulum quam sapien, varius ut, blandit non, interdum in, ante. Vestibulum ante ipsum primis in faucibus orci luctus et ultrices posuere cubilia Curae; Duis faucibus accumsan odio. Curabitur convallis.

Duis consequat dui nec nisi volutpat eleifend. Donec ut dolor. Morbi vel lectus in quam fringilla rhoncus.', 54, true, true, 89, '12:45:39');
insert into Posts (PostID, PostDescription, PostedBy, IsPublic, IsOnlyForFriends, GroupID, DatePosted) values (56, 'In sagittis dui vel nisl. Duis ac nibh. Fusce lacus purus, aliquet at, feugiat non, pretium quis, lectus.

Suspendisse potenti. In eleifend quam a odio. In hac habitasse platea dictumst.

Maecenas ut massa quis augue luctus tincidunt. Nulla mollis molestie lorem. Quisque ut erat.', 66, true, true, 53, '2:19:07');
insert into Posts (PostID, PostDescription, PostedBy, IsPublic, IsOnlyForFriends, GroupID, DatePosted) values (57, 'Aenean lectus. Pellentesque eget nunc. Donec quis orci eget orci vehicula condimentum.

Curabitur in libero ut massa volutpat convallis. Morbi odio odio, elementum eu, interdum eu, tincidunt in, leo. Maecenas pulvinar lobortis est.

Phasellus sit amet erat. Nulla tempus. Vivamus in felis eu sapien cursus vestibulum.', 92, false, true, 12, '5:24:01');
insert into Posts (PostID, PostDescription, PostedBy, IsPublic, IsOnlyForFriends, GroupID, DatePosted) values (58, 'Sed ante. Vivamus tortor. Duis mattis egestas metus.

Aenean fermentum. Donec ut mauris eget massa tempor convallis. Nulla neque libero, convallis eget, eleifend luctus, ultricies eu, nibh.

Quisque id justo sit amet sapien dignissim vestibulum. Vestibulum ante ipsum primis in faucibus orci luctus et ultrices posuere cubilia Curae; Nulla dapibus dolor vel est. Donec odio justo, sollicitudin ut, suscipit a, feugiat et, eros.', 88, true, true, 91, '8:36:56');
insert into Posts (PostID, PostDescription, PostedBy, IsPublic, IsOnlyForFriends, GroupID, DatePosted) values (59, 'Duis bibendum, felis sed interdum venenatis, turpis enim blandit mi, in porttitor pede justo eu massa. Donec dapibus. Duis at velit eu est congue elementum.

In hac habitasse platea dictumst. Morbi vestibulum, velit id pretium iaculis, diam erat fermentum justo, nec condimentum neque sapien placerat ante. Nulla justo.', 28, true, true, 2, '21:58:25');
insert into Posts (PostID, PostDescription, PostedBy, IsPublic, IsOnlyForFriends, GroupID, DatePosted) values (60, 'Cum sociis natoque penatibus et magnis dis parturient montes, nascetur ridiculus mus. Vivamus vestibulum sagittis sapien. Cum sociis natoque penatibus et magnis dis parturient montes, nascetur ridiculus mus.

Etiam vel augue. Vestibulum rutrum rutrum neque. Aenean auctor gravida sem.

Praesent id massa id nisl venenatis lacinia. Aenean sit amet justo. Morbi ut odio.', 50, true, true, 45, '21:22:40');
insert into Posts (PostID, PostDescription, PostedBy, IsPublic, IsOnlyForFriends, GroupID, DatePosted) values (61, 'Sed sagittis. Nam congue, risus semper porta volutpat, quam pede lobortis ligula, sit amet eleifend pede libero quis orci. Nullam molestie nibh in lectus.

Pellentesque at nulla. Suspendisse potenti. Cras in purus eu magna vulputate luctus.

Cum sociis natoque penatibus et magnis dis parturient montes, nascetur ridiculus mus. Vivamus vestibulum sagittis sapien. Cum sociis natoque penatibus et magnis dis parturient montes, nascetur ridiculus mus.', 43, false, false, 23, '8:24:47');
insert into Posts (PostID, PostDescription, PostedBy, IsPublic, IsOnlyForFriends, GroupID, DatePosted) values (62, 'Maecenas ut massa quis augue luctus tincidunt. Nulla mollis molestie lorem. Quisque ut erat.', 78, true, false, 93, '14:55:43');
insert into Posts (PostID, PostDescription, PostedBy, IsPublic, IsOnlyForFriends, GroupID, DatePosted) values (63, 'Nulla ut erat id mauris vulputate elementum. Nullam varius. Nulla facilisi.

Cras non velit nec nisi vulputate nonummy. Maecenas tincidunt lacus at velit. Vivamus vel nulla eget eros elementum pellentesque.

Quisque porta volutpat erat. Quisque erat eros, viverra eget, congue eget, semper rutrum, nulla. Nunc purus.', 78, false, false, 86, '15:36:05');
insert into Posts (PostID, PostDescription, PostedBy, IsPublic, IsOnlyForFriends, GroupID, DatePosted) values (64, 'Duis bibendum, felis sed interdum venenatis, turpis enim blandit mi, in porttitor pede justo eu massa. Donec dapibus. Duis at velit eu est congue elementum.

In hac habitasse platea dictumst. Morbi vestibulum, velit id pretium iaculis, diam erat fermentum justo, nec condimentum neque sapien placerat ante. Nulla justo.

Aliquam quis turpis eget elit sodales scelerisque. Mauris sit amet eros. Suspendisse accumsan tortor quis turpis.', 62, false, true, 38, '7:03:05');
insert into Posts (PostID, PostDescription, PostedBy, IsPublic, IsOnlyForFriends, GroupID, DatePosted) values (65, 'Praesent id massa id nisl venenatis lacinia. Aenean sit amet justo. Morbi ut odio.', 32, true, true, 19, '21:21:29');
insert into Posts (PostID, PostDescription, PostedBy, IsPublic, IsOnlyForFriends, GroupID, DatePosted) values (66, 'Integer tincidunt ante vel ipsum. Praesent blandit lacinia erat. Vestibulum sed magna at nunc commodo placerat.

Praesent blandit. Nam nulla. Integer pede justo, lacinia eget, tincidunt eget, tempus vel, pede.

Morbi porttitor lorem id ligula. Suspendisse ornare consequat lectus. In est risus, auctor sed, tristique in, tempus sit amet, sem.', 27, true, true, 79, '11:11:22');
insert into Posts (PostID, PostDescription, PostedBy, IsPublic, IsOnlyForFriends, GroupID, DatePosted) values (67, 'Fusce posuere felis sed lacus. Morbi sem mauris, laoreet ut, rhoncus aliquet, pulvinar sed, nisl. Nunc rhoncus dui vel sem.

Sed sagittis. Nam congue, risus semper porta volutpat, quam pede lobortis ligula, sit amet eleifend pede libero quis orci. Nullam molestie nibh in lectus.

Pellentesque at nulla. Suspendisse potenti. Cras in purus eu magna vulputate luctus.', 31, true, true, 22, '20:42:54');
insert into Posts (PostID, PostDescription, PostedBy, IsPublic, IsOnlyForFriends, GroupID, DatePosted) values (68, 'Cras non velit nec nisi vulputate nonummy. Maecenas tincidunt lacus at velit. Vivamus vel nulla eget eros elementum pellentesque.', 95, false, true, 17, '12:04:46');
insert into Posts (PostID, PostDescription, PostedBy, IsPublic, IsOnlyForFriends, GroupID, DatePosted) values (69, 'Nullam sit amet turpis elementum ligula vehicula consequat. Morbi a ipsum. Integer a nibh.

In quis justo. Maecenas rhoncus aliquam lacus. Morbi quis tortor id nulla ultrices aliquet.

Maecenas leo odio, condimentum id, luctus nec, molestie sed, justo. Pellentesque viverra pede ac diam. Cras pellentesque volutpat dui.', 35, true, true, 19, '10:37:43');
insert into Posts (PostID, PostDescription, PostedBy, IsPublic, IsOnlyForFriends, GroupID, DatePosted) values (70, 'Curabitur gravida nisi at nibh. In hac habitasse platea dictumst. Aliquam augue quam, sollicitudin vitae, consectetuer eget, rutrum at, lorem.

Integer tincidunt ante vel ipsum. Praesent blandit lacinia erat. Vestibulum sed magna at nunc commodo placerat.', 93, true, false, 3, '23:27:13');
insert into Posts (PostID, PostDescription, PostedBy, IsPublic, IsOnlyForFriends, GroupID, DatePosted) values (71, 'Proin leo odio, porttitor id, consequat in, consequat ut, nulla. Sed accumsan felis. Ut at dolor quis odio consequat varius.', 31, false, false, 73, '23:26:08');
insert into Posts (PostID, PostDescription, PostedBy, IsPublic, IsOnlyForFriends, GroupID, DatePosted) values (72, 'Cras non velit nec nisi vulputate nonummy. Maecenas tincidunt lacus at velit. Vivamus vel nulla eget eros elementum pellentesque.

Quisque porta volutpat erat. Quisque erat eros, viverra eget, congue eget, semper rutrum, nulla. Nunc purus.

Phasellus in felis. Donec semper sapien a libero. Nam dui.', 58, false, false, 83, '23:51:43');
insert into Posts (PostID, PostDescription, PostedBy, IsPublic, IsOnlyForFriends, GroupID, DatePosted) values (73, 'Cras non velit nec nisi vulputate nonummy. Maecenas tincidunt lacus at velit. Vivamus vel nulla eget eros elementum pellentesque.

Quisque porta volutpat erat. Quisque erat eros, viverra eget, congue eget, semper rutrum, nulla. Nunc purus.', 90, false, true, 66, '4:28:34');
insert into Posts (PostID, PostDescription, PostedBy, IsPublic, IsOnlyForFriends, GroupID, DatePosted) values (74, 'Vestibulum quam sapien, varius ut, blandit non, interdum in, ante. Vestibulum ante ipsum primis in faucibus orci luctus et ultrices posuere cubilia Curae; Duis faucibus accumsan odio. Curabitur convallis.', 86, false, true, 30, '14:18:13');
insert into Posts (PostID, PostDescription, PostedBy, IsPublic, IsOnlyForFriends, GroupID, DatePosted) values (75, 'Quisque id justo sit amet sapien dignissim vestibulum. Vestibulum ante ipsum primis in faucibus orci luctus et ultrices posuere cubilia Curae; Nulla dapibus dolor vel est. Donec odio justo, sollicitudin ut, suscipit a, feugiat et, eros.', 92, false, true, 45, '15:08:43');
insert into Posts (PostID, PostDescription, PostedBy, IsPublic, IsOnlyForFriends, GroupID, DatePosted) values (76, 'In hac habitasse platea dictumst. Etiam faucibus cursus urna. Ut tellus.

Nulla ut erat id mauris vulputate elementum. Nullam varius. Nulla facilisi.', 42, false, true, 16, '16:14:27');
insert into Posts (PostID, PostDescription, PostedBy, IsPublic, IsOnlyForFriends, GroupID, DatePosted) values (77, 'Maecenas ut massa quis augue luctus tincidunt. Nulla mollis molestie lorem. Quisque ut erat.

Curabitur gravida nisi at nibh. In hac habitasse platea dictumst. Aliquam augue quam, sollicitudin vitae, consectetuer eget, rutrum at, lorem.

Integer tincidunt ante vel ipsum. Praesent blandit lacinia erat. Vestibulum sed magna at nunc commodo placerat.', 53, false, false, 83, '17:02:08');
insert into Posts (PostID, PostDescription, PostedBy, IsPublic, IsOnlyForFriends, GroupID, DatePosted) values (78, 'Duis bibendum, felis sed interdum venenatis, turpis enim blandit mi, in porttitor pede justo eu massa. Donec dapibus. Duis at velit eu est congue elementum.', 91, false, true, 78, '11:35:58');
insert into Posts (PostID, PostDescription, PostedBy, IsPublic, IsOnlyForFriends, GroupID, DatePosted) values (79, 'Sed sagittis. Nam congue, risus semper porta volutpat, quam pede lobortis ligula, sit amet eleifend pede libero quis orci. Nullam molestie nibh in lectus.

Pellentesque at nulla. Suspendisse potenti. Cras in purus eu magna vulputate luctus.

Cum sociis natoque penatibus et magnis dis parturient montes, nascetur ridiculus mus. Vivamus vestibulum sagittis sapien. Cum sociis natoque penatibus et magnis dis parturient montes, nascetur ridiculus mus.', 75, true, false, 91, '19:18:52');
insert into Posts (PostID, PostDescription, PostedBy, IsPublic, IsOnlyForFriends, GroupID, DatePosted) values (80, 'Cum sociis natoque penatibus et magnis dis parturient montes, nascetur ridiculus mus. Vivamus vestibulum sagittis sapien. Cum sociis natoque penatibus et magnis dis parturient montes, nascetur ridiculus mus.

Etiam vel augue. Vestibulum rutrum rutrum neque. Aenean auctor gravida sem.', 29, false, false, 63, '18:15:43');
insert into Posts (PostID, PostDescription, PostedBy, IsPublic, IsOnlyForFriends, GroupID, DatePosted) values (81, 'Nullam sit amet turpis elementum ligula vehicula consequat. Morbi a ipsum. Integer a nibh.

In quis justo. Maecenas rhoncus aliquam lacus. Morbi quis tortor id nulla ultrices aliquet.', 76, true, true, 65, '23:48:05');
insert into Posts (PostID, PostDescription, PostedBy, IsPublic, IsOnlyForFriends, GroupID, DatePosted) values (82, 'In hac habitasse platea dictumst. Morbi vestibulum, velit id pretium iaculis, diam erat fermentum justo, nec condimentum neque sapien placerat ante. Nulla justo.

Aliquam quis turpis eget elit sodales scelerisque. Mauris sit amet eros. Suspendisse accumsan tortor quis turpis.

Sed ante. Vivamus tortor. Duis mattis egestas metus.', 85, true, true, 81, '18:07:56');
insert into Posts (PostID, PostDescription, PostedBy, IsPublic, IsOnlyForFriends, GroupID, DatePosted) values (83, 'Maecenas tristique, est et tempus semper, est quam pharetra magna, ac consequat metus sapien ut nunc. Vestibulum ante ipsum primis in faucibus orci luctus et ultrices posuere cubilia Curae; Mauris viverra diam vitae quam. Suspendisse potenti.

Nullam porttitor lacus at turpis. Donec posuere metus vitae ipsum. Aliquam non mauris.', 86, true, false, 93, '15:39:53');
insert into Posts (PostID, PostDescription, PostedBy, IsPublic, IsOnlyForFriends, GroupID, DatePosted) values (84, 'In congue. Etiam justo. Etiam pretium iaculis justo.

In hac habitasse platea dictumst. Etiam faucibus cursus urna. Ut tellus.

Nulla ut erat id mauris vulputate elementum. Nullam varius. Nulla facilisi.', 62, false, false, 26, '9:23:44');
insert into Posts (PostID, PostDescription, PostedBy, IsPublic, IsOnlyForFriends, GroupID, DatePosted) values (85, 'Duis consequat dui nec nisi volutpat eleifend. Donec ut dolor. Morbi vel lectus in quam fringilla rhoncus.

Mauris enim leo, rhoncus sed, vestibulum sit amet, cursus id, turpis. Integer aliquet, massa id lobortis convallis, tortor risus dapibus augue, vel accumsan tellus nisi eu orci. Mauris lacinia sapien quis libero.', 28, false, false, 50, '11:38:30');
insert into Posts (PostID, PostDescription, PostedBy, IsPublic, IsOnlyForFriends, GroupID, DatePosted) values (86, 'Nam ultrices, libero non mattis pulvinar, nulla pede ullamcorper augue, a suscipit nulla elit ac nulla. Sed vel enim sit amet nunc viverra dapibus. Nulla suscipit ligula in lacus.', 91, false, false, 54, '22:53:47');
insert into Posts (PostID, PostDescription, PostedBy, IsPublic, IsOnlyForFriends, GroupID, DatePosted) values (87, 'Aenean fermentum. Donec ut mauris eget massa tempor convallis. Nulla neque libero, convallis eget, eleifend luctus, ultricies eu, nibh.

Quisque id justo sit amet sapien dignissim vestibulum. Vestibulum ante ipsum primis in faucibus orci luctus et ultrices posuere cubilia Curae; Nulla dapibus dolor vel est. Donec odio justo, sollicitudin ut, suscipit a, feugiat et, eros.', 33, false, false, 78, '13:32:00');
insert into Posts (PostID, PostDescription, PostedBy, IsPublic, IsOnlyForFriends, GroupID, DatePosted) values (88, 'Aenean lectus. Pellentesque eget nunc. Donec quis orci eget orci vehicula condimentum.

Curabitur in libero ut massa volutpat convallis. Morbi odio odio, elementum eu, interdum eu, tincidunt in, leo. Maecenas pulvinar lobortis est.', 76, true, false, 11, '19:21:18');
insert into Posts (PostID, PostDescription, PostedBy, IsPublic, IsOnlyForFriends, GroupID, DatePosted) values (89, 'Cras mi pede, malesuada in, imperdiet et, commodo vulputate, justo. In blandit ultrices enim. Lorem ipsum dolor sit amet, consectetuer adipiscing elit.', 76, true, true, 87, '19:02:11');
insert into Posts (PostID, PostDescription, PostedBy, IsPublic, IsOnlyForFriends, GroupID, DatePosted) values (90, 'Aenean fermentum. Donec ut mauris eget massa tempor convallis. Nulla neque libero, convallis eget, eleifend luctus, ultricies eu, nibh.', 100, true, false, 68, '21:45:37');
insert into Posts (PostID, PostDescription, PostedBy, IsPublic, IsOnlyForFriends, GroupID, DatePosted) values (91, 'Cum sociis natoque penatibus et magnis dis parturient montes, nascetur ridiculus mus. Vivamus vestibulum sagittis sapien. Cum sociis natoque penatibus et magnis dis parturient montes, nascetur ridiculus mus.', 75, false, false, 9, '5:30:54');
insert into Posts (PostID, PostDescription, PostedBy, IsPublic, IsOnlyForFriends, GroupID, DatePosted) values (92, 'Curabitur in libero ut massa volutpat convallis. Morbi odio odio, elementum eu, interdum eu, tincidunt in, leo. Maecenas pulvinar lobortis est.

Phasellus sit amet erat. Nulla tempus. Vivamus in felis eu sapien cursus vestibulum.', 71, false, false, 52, '12:36:31');
insert into Posts (PostID, PostDescription, PostedBy, IsPublic, IsOnlyForFriends, GroupID, DatePosted) values (93, 'Duis bibendum. Morbi non quam nec dui luctus rutrum. Nulla tellus.

In sagittis dui vel nisl. Duis ac nibh. Fusce lacus purus, aliquet at, feugiat non, pretium quis, lectus.', 12, false, false, 67, '0:06:25');
insert into Posts (PostID, PostDescription, PostedBy, IsPublic, IsOnlyForFriends, GroupID, DatePosted) values (94, 'Aenean fermentum. Donec ut mauris eget massa tempor convallis. Nulla neque libero, convallis eget, eleifend luctus, ultricies eu, nibh.', 38, false, true, 51, '22:44:33');
insert into Posts (PostID, PostDescription, PostedBy, IsPublic, IsOnlyForFriends, GroupID, DatePosted) values (95, 'Nullam sit amet turpis elementum ligula vehicula consequat. Morbi a ipsum. Integer a nibh.

In quis justo. Maecenas rhoncus aliquam lacus. Morbi quis tortor id nulla ultrices aliquet.', 14, false, true, 32, '7:07:41');
insert into Posts (PostID, PostDescription, PostedBy, IsPublic, IsOnlyForFriends, GroupID, DatePosted) values (96, 'Maecenas ut massa quis augue luctus tincidunt. Nulla mollis molestie lorem. Quisque ut erat.

Curabitur gravida nisi at nibh. In hac habitasse platea dictumst. Aliquam augue quam, sollicitudin vitae, consectetuer eget, rutrum at, lorem.

Integer tincidunt ante vel ipsum. Praesent blandit lacinia erat. Vestibulum sed magna at nunc commodo placerat.', 69, false, true, 97, '11:24:12');
insert into Posts (PostID, PostDescription, PostedBy, IsPublic, IsOnlyForFriends, GroupID, DatePosted) values (97, 'Fusce posuere felis sed lacus. Morbi sem mauris, laoreet ut, rhoncus aliquet, pulvinar sed, nisl. Nunc rhoncus dui vel sem.

Sed sagittis. Nam congue, risus semper porta volutpat, quam pede lobortis ligula, sit amet eleifend pede libero quis orci. Nullam molestie nibh in lectus.

Pellentesque at nulla. Suspendisse potenti. Cras in purus eu magna vulputate luctus.', 27, true, true, 29, '23:05:49');
insert into Posts (PostID, PostDescription, PostedBy, IsPublic, IsOnlyForFriends, GroupID, DatePosted) values (98, 'Nullam sit amet turpis elementum ligula vehicula consequat. Morbi a ipsum. Integer a nibh.

In quis justo. Maecenas rhoncus aliquam lacus. Morbi quis tortor id nulla ultrices aliquet.', 23, true, true, 44, '5:26:52');
insert into Posts (PostID, PostDescription, PostedBy, IsPublic, IsOnlyForFriends, GroupID, DatePosted) values (99, 'Duis aliquam convallis nunc. Proin at turpis a pede posuere nonummy. Integer non velit.', 75, false, false, 99, '0:51:38');
insert into Posts (PostID, PostDescription, PostedBy, IsPublic, IsOnlyForFriends, GroupID, DatePosted) values (100, 'Sed ante. Vivamus tortor. Duis mattis egestas metus.

Aenean fermentum. Donec ut mauris eget massa tempor convallis. Nulla neque libero, convallis eget, eleifend luctus, ultricies eu, nibh.

Quisque id justo sit amet sapien dignissim vestibulum. Vestibulum ante ipsum primis in faucibus orci luctus et ultrices posuere cubilia Curae; Nulla dapibus dolor vel est. Donec odio justo, sollicitudin ut, suscipit a, feugiat et, eros.', 63, false, true, 4, '11:28:13');
